"Polls";"Scrutin"
"Music";"Musique"
"Blogs";"Blog"
"Files";"Fichier"
"Posts";"Publication"
"Saved Feeds";"Flux sauvé"
"Scheduled Post";"Post planifié"
"Photos";"Photo"
"Groups";"Groupe"
"Classifieds";"Tombe"
"Events";"Événement"
"Manage Modules";"Gérer les module"
"Add Modules for Feeling/Activity";"Ajouter des modules pour le sentiment / l'activité"
"Title (This is for indicative purpose in the admin panel only.)";"Titre (Ceci est à des fins indicatives dans le panneau d'administration uniquement.)"
"Edit Modules for Feeling/Activity";"Modifier les modules pour le sentiment / les activité"
"%s module found.";"%s Module trouvé.";"%s modules found."
"Select Module";"Sélectionner le module"
"Select the module from below which you want to add in this category. When users will select this category then it will show all contents of this module.";"Sélectionnez le module par le bas que vous souhaitez ajouter dans cette catégorie. Lorsque les utilisateurs sélectionneront cette catégorie, il affichera tous les contenus de ce module."
"Pack Photo";"Pack Photo"
"Feed Background Images Count";"Nombre d'images d'arrière-plan de nourriture"
"Enter the number of background images to be shown in the status box to the users. (Maximum 12 background images are recommended.)";"Entrez le nombre d'images d'arrière-plan à afficher dans la zone d'état des utilisateurs. (Maximum 12 images d'arrière-plan sont recommandées.)"
"Please choose a valid location.";"Veuillez choisir un emplacement valide."
"Up Vote";"Vote"
"Down Vote";"Vote à la baisse"
"Your feed is currently being processed - you will be notified when it is ready to be viewed.";"Votre flux est actuellement en cours de traitement - vous serez informé lorsqu'il sera prêt à être visualisé."
"Show Translate Option";"Afficher l'option traduire"
"Do you want to show Translate option in feeds? [If you choose Yes, then all the feeds which includes the texts will have a translate option to translate the text.]";"Voulez-vous afficher l'option Traduction dans les flux? [Si vous choisissez oui, tous les flux qui incluent les textes auront une option de traduire pour traduire le texte.]"
"Default Language";"Langue par défaut"
"Choose the language in which you want to translate the feeds. Users will be able to change the language from the available language options.";"Choisissez la langue dans laquelle vous souhaitez traduire les flux. Les utilisateurs pourront changer la langue des options de langue disponibles."
"Filter Count";"Dénombrement"
"How many filters do you want to show in the activiy feed? ""More"" will display after this number and remaining filters will show on clicking it. This setting will work on the member home page only.";"Combien de filtres souhaitez-vous montrer dans le flux d'activité? ""Plus"" s'affichera après que ce numéro et les filtres restants s'affichent en cliquant sur celui-ci. Ce paramètre fonctionnera uniquement sur la page d'accueil des membres."
"Status Box Attachments";"Pièces jointe"
"Select the attachments which will be available in status box.";"Sélectionnez les pièces jointes qui seront disponibles dans la zone d'état."
"Tag People (Members will be able to tag their friends to their status posts.)";"Tag des gens (les membres pourront étiqueter leurs amis à leurs messages de statut.)"
"Check In (Members will be able to add their location to their posts.)";"Enregistrez (les membres pourront ajouter leur emplacement à leurs messages.)"
"Schedule Post (Members will be able to choose publish date and time for their posts.)";"Position de planification (les membres pourront choisir la date et l'heure de publication pour leurs publications.)"
"Campaign Id";"Carte d'identité de campagne"
"You have not created any Ads Campaign yet, <a href=""admin/ads/create"" target=""_blank"">Create New Campaign</a>";"Vous n'avez pas encore créé de campagne d'annonces, <a href = ""admin / ads / création"" cible = ""_ Blank""> Créer une nouvelle campagne </a>"
"Do you want to enable the display of ads from SocialEngine Ad Campaign in activity feeds?";"Voulez-vous activer l'affichage des annonces de la campagne publicitaire sociale dans les flux d'activité?"
"Choose Ad Campaign";"Choisissez la campagne publicitaire"
"Choose an ad campaign from below.";"Choisissez une campagne publicitaire ci-dessous."
"Display Ads For Next Feed Count";"Afficher les annonces pour le nombre de flux suivant"
"Do you want to display the ads after each feed count cycle? For Example: (If you have choosen Yes and entered 2 in the below setting then after a cycle of 2 feeds, ads will show in activity feed.)";"Voulez-vous afficher les publicités après chaque cycle de comptage des aliments? Par exemple: (si vous avez choisi oui et entré 2 dans le paramètre ci-dessous, puis après un cycle de 2 flux, les annonces seront affichées dans le flux d'activités.)"
"Show 'Ad' After Feed Count";"Afficher la «publicité» après le nombre de flux"
"Enter the number of feeds after which the ads will display.";"Entrez le nombre de flux après quoi les annonces s'affichent."
"Stickers";"Autocollant"
"A filter is already created with this module name. Please choose another module name.";"Un filtre est déjà créé avec ce nom de module. Veuillez choisir un autre nom de module."
"Manage Categories for Feelings & Activities";"Gérer les catégories pour les sentiments et les activité"
"Here, you can create Categories and manage Feelings & Activities in them. The categories can be of List type or Module type.";"Ici, vous pouvez créer des catégories et y gérer des sentiments et des activités. Les catégories peuvent être de type de liste ou de type de module."
"The List type categories will be simple in which users will see only the activities and feelings entered by you in the manage section of each category.";"Les catégories de types de liste seront simples dans lesquelles les utilisateurs ne verront que les activités et les sentiments saisis par vous dans la section Gérer de chaque catégorie."
"The Module type categories will have activities as content from the selected modules from the manage section of each category. Example: you can create a category Watching and select Module Video. Now, when your users will try to add watching activity they will see a list of all videos on your website in autosuggest box.";"Les catégories de types de modules auront des activités en tant que contenu des modules sélectionnés de la section Gérer de chaque catégorie. Exemple: Vous pouvez créer une catégorie Regarder et sélectionner la vidéo du module. Désormais, lorsque vos utilisateurs essaieront d'ajouter une activité de recherche, ils verront une liste de toutes les vidéos sur votre site Web dans Autosuggest Box."
"Each category will have its own icon which will be shown in the status update box while adding a new feeling/activity.";"Chaque catégorie aura sa propre icône qui sera affichée dans la zone de mise à jour d'état tout en ajoutant un nouveau sentiment / activité."
"Create New Category";"Créer une nouvelle catégorie"
"Enable End Date";"Activer la date de fin"
"Memories On This Day";"Souvenirs ce jour-là"
"BuySell Marketplace";"Buysell Marketplace"
"Sort By:";"Trier par:"
"Nobody has posted sell something activity.";"Personne n'a posté pour vendre quelque chose d'activité."
"Search GIF";"Rechercher le gif"
"Filter Deleted Successfully.";"Filtre supprimé avec succès."
"Add Photo/Video";"Ajouter une photo / vidéo"
"World";"Monde"
"By City";"Par ville"
"This post will be publish on";"Ce message sera publié sur"
"Your scheduled {var:$postLink} has been made live.";"Votre {var:$postLink} programmé a été rendu en direct."
"{item:$subject} has shared your {item:$object:$label}.";"{item:$subject} a partagé votre {item:$object:$label}."
"{item:$subject} tagged you in a {var:$postLink}.";"{item:$subject} vous a tagué dans un {var:$postLink}."
"is with";"est avec"
"is in";"est dan"
"{item:$subject} replied to your comment on a {item:$object:$label}.";"{item:$subject} a répondu à votre commentaire sur un {item:$object:$label}."
"Your post successfully scheduled on ";"Votre message a été programmé avec succès sur"
"Download";"Télécharger"
"{item:$subject} uploaded a file.{body:$body}";"{item:$subject} a téléchargé un fichier {body:$body}"
"Hide all from";"Cacher tout"
"Undo";"Défaire"
"post in Feed.";"publier en alimentation."
"Posting";"Affectation"
"All Updates";"Toutes les mises à jour"
"Friends";"Ami"
"Videos";"Vidéo"
"%s sticker found.";"%s Autocollant trouvé.";"%s stickers found."
"Back to Sticker Packs";"Retour aux packs d'autocollant"
"Add Sticker";"Ajouter un autocollant"
"Upload Stickers in Zip";"Télécharger des autocollants en zip"
"Delete This Sticker";"Supprimer cet autocollant"
"Are you sure that you want to delete this sticker? It will not be recoverable after being deleted.";"Êtes-vous sûr que vous souhaitez supprimer cet autocollant? Il ne sera pas récupérable après avoir été supprimé."
"Edit This Sticker";"Modifier cet autocollant"
"Upload Sticker";"Télécharger l'autocollant"
"Upload a sticker [Note: sticker (photos) with extension: ""jpg, png, jpeg and gif"" only.]";"Téléchargez un autocollant [Remarque: autocollant (photos) avec extension: ""JPG, PNG, JPEG et GIF"" seulement.]"
"Sticker Categories";"Catégories d'autocollant"
"Enter the tags for this sticker and separate them by commas. (Note: These tags will be used when users search stickers in the sticker dropdown.)";"Entrez les balises de cet autocollant et séparez-les par des virgules. (Remarque: ces balises seront utilisées lorsque les utilisateurs recherchent des autocollants dans la liste déroulante des autocollants.)"
"Add Sticker";"Ajouter un autocollant"
"Zip Upload";"Téléchargement de fermeture éclair"
"Zip File";"Zip"
"Upload a zip [Note: extension: ""zip""] only.]";"Téléchargez un zip [Remarque: Extension: ""Zip""] uniquement.]"
"Feelings";"Sentiment"
"Manage Lists";"Gérer les liste"
"Here, you can create a new Feeling/Activity category which will be displayed when users will click on the Feeling/Activity option.";"Ici, vous pouvez créer une nouvelle catégorie de sensation / d'activité qui sera affichée lorsque les utilisateurs cliqueront sur l'option de sentiment / activité."
"Feeling/Activity Type";"Type de sentiment / d'activité"
"Choose the type for this Feeling/Activity category.";"Choisissez le type pour cette catégorie de sensation / activité."
"List Type";"Type de liste"
"Module Type";"Type de module"
"Category Icon";"Icône de catégorie"
"Upload a category icon [Note: Icons with extension: ""jpg, png, jpeg and gif"" only. Recommended dimension is 32*32 px.]";"Téléchargez une icône de catégorie [Remarque: Icônes avec extension: ""JPG, PNG, JPEG et GIF"" uniquement. La dimension recommandée est de 32 * 32 px.]"
"Manage Lists for %s category";"Gérer les listes pour la catégorie %"
"Below, you can add new feelings or activities for %s category. Users will see this list on selecting this category from the Feeling/Activity option in the status updates box.";"Ci-dessous, vous pouvez ajouter de nouveaux sentiments ou activités pour la catégorie %s. Les utilisateurs verront cette liste sur la sélection de cette catégorie dans l'option Feel / Activity dans la case de mise à jour d'état."
"Back to Manage Categories";"Retour pour gérer les catégorie"
"Add New Feeling/Activity List Item";"Ajouter un nouvel élément de liste de sensation / d'activité"
"There are no feeling icon created by you yet.";"Il n'y a pas encore d'icône de sentiment créée par vous."
"Add Feeling/Activity List Item";"Ajouter l'élément de liste de sensation / d'activité"
"Feeling/Activity Title";"Titre de sentiment / d'activité"
"Feeling/Activity Icon";"Icône de sentiment / d'activité"
"Upload a feeling/activity icon [Note: Icons with extension: ""jpg, png, jpeg and gif"" only. Recommended dimension is 32*32 px.]";"Téléchargez une icône de sensation / activité [Remarque: Icônes avec extension: ""JPG, PNG, JPEG et GIF"" uniquement. La dimension recommandée est de 32 * 32 px.]"
"There are no stickers uploaded by you yet.";"Il n'y a pas encore d'autocollants téléchargés par vous."
"%s feeling/activity list item found.";"%s Élément de liste de sensation / d'activité trouvé.";"%s feeling/activity list items found."
"Delete This Feeling Icon";"Supprimer cette icône de sentiment"
"Are you sure that you want to delete this feeling icon? It will not be recoverable after being deleted.";"Êtes-vous sûr que vous souhaitez supprimer cette icône de sentiment? Il ne sera pas récupérable après avoir été supprimé."
"Feed Backgrounds";"Arrière-plan"
"Manage Background Images for Status Updates";"Gérer les images d'arrière-plan pour les mises à jour de statut"
"This page lists all the background images uploaded by you. You can add new background images individually. To reorder the background images, click on and drag them up or down.";"Cette page répertorie toutes les images d'arrière-plan téléchargées par vous. Vous pouvez ajouter de nouvelles images d'arrière-plan individuellement. Pour réorganiser les images d'arrière-plan, cliquez sur et faites-les glisser vers le haut ou vers le bas."
"You can also mark background images as Featured. These Featured images will always show in the status update boxes before other images. We recommend to mark maximum 12 images as Featured, so that users can see other images also.";"Vous pouvez également marquer des images d'arrière-plan comme en vedette. Ces images en vedette s'afficheront toujours dans les cases de mise à jour d'état avant d'autres images. Nous vous recommandons de marquer maximum 12 images en vedette, afin que les utilisateurs puissent également voir d'autres images."
"Upload Image";"Télécharger l'image"
"%s background image found.";"%s Image d'arrière-plan trouvé.";"%s background images found."
"Upload New Background Image";"Télécharger une nouvelle image d'arrière-plan"
"Below, choose a background image. [Note: photos with extension: ""jpg, png and jpeg"" only.]";"Ci-dessous, choisissez une image d'arrière-plan. [Remarque: Photos avec extension: ""JPG, PNG et JPEG"" seulement.]"
"Choose Start Date";"Choisissez la date de début"
"Choose a start date for this background image.";"Choisissez une date de début pour cette image d'arrière-plan."
"Do you want to enable an end date for this background image?";"Voulez-vous activer une date de fin pour cette image d'arrière-plan?"
"Choose End Date";"Choisissez la date de fin"
"Choose an end date for this background image. (Works only if you have choose Yes above for ""Enable End Date"" field.)";"Choisissez une date de fin pour cette image d'arrière-plan. (Ne fonctionne que si vous avez choisi oui ci-dessus pour le champ ""Activer la date de fin"".)"
"Mark Featured";"Mark en vedette"
"Remove From Featured";"Supprimer de la vedette"
"Delete This Background Image";"Supprimer cette image d'arrière-plan"
"Are you sure that you want to delete this background image? It will not be recoverable after being deleted.";"Êtes-vous sûr que vous souhaitez supprimer cette image d'arrière-plan? Il ne sera pas récupérable après avoir été supprimé."
"Feed Background Image Deleted Successfully.";"Image d'arrière-plan d'alimentation supprimée avec succès."
"Feed Background Image Uploaded Successfully.";"Image d'arrière-plan de nourriture Téléchargé avec succès."
"Manage Filters";"Gérer les filtre"
"In this page you can manage various filters for displaying feeds on the member home page of your website. Here, in addition to the default filters, you can also create new filter of different modules.To create a new filter click on ""Create New Filter"" link. You can also enable, disable or edit any module.<br />To reorder the filters, click on their row and drag them up or down.";"Dans cette page, vous pouvez gérer divers filtres pour afficher des flux sur la page d'accueil des membres de votre site Web. Ici, en plus des filtres par défaut, vous pouvez également créer un nouveau filtre de différents modules. Pour créer un nouveau filtre, cliquez sur ""Créer un nouveau filtre"". Vous pouvez également activer, désactiver ou modifier n'importe quel module. <Br /> pour réorganiser les filtres, cliquez sur leur ligne et faites-les glisser vers le haut ou vers le bas."
"Create New Filter";"Créer un nouveau filtre"
"Choose a module for which you want to create a filter in the feeds.";"Choisissez un module pour lequel vous souhaitez créer un filtre dans les flux."
"Choose Module";"Choisissez le module"
"Below, you can choose the plugin to be integrated.";"Ci-dessous, vous pouvez choisir le plugin à intégrer."
"Filter Title";"Titre de filtre"
"Enter the title for the filter.";"Entrez le titre du filtre."
"Icon / Icon Class";"Classe icône / icône"
"Enter the Icon for the Filter";"Entrez l'icône du filtre"
"Yes, enable this filter.";"Oui, activez ce filtre."
"Edit This Filter";"Modifier ce filtre"
"Post Feed Character Limit";"Limite de caractère postal"
"Attach Photos";"Joindre des photo"
"Attach Videos";"Joindre des vidéo"
"Post Stickers";"Poster les autocollant"
"Post GIF";"Post GIF"
"Post Emoticons";"Post émoticône"
"Enable Up/Down vote in Activity feed";"Activer le vote Up / Down dans le flux d'activité"
"Do you want to enable Up/Down vote in Activity feed? This feature is only for the posts in the activity feed.";"Voulez-vous activer le vote haut / bas dans le flux d'activités? Cette fonctionnalité est uniquement pour les articles du flux d'activités."
"GIPHY API Key";"Clé de l'API Giphy"
"Enter the GIPHY API key. <a target='_blank' href='https://developers.giphy.com/docs/api#quick-start-guide'>Click Here</a> to get the guidelines on how to create the key. If you already know, then simply <a target='_blank' href='https://developers.giphy.com'>get started</a>.";"Entrez dans les clés de l'API Giphy. <a Target = '_ Blank' href = 'https: //develovers.giphy.com/docs/api#quick-start-guide'> Cliquez ici </a> pour obtenir les directives sur la façon de créer la clé. Si vous le savez déjà, alors <a Target = '_ Blank' href = 'https: //develovers.giphy.com'> démarrer </a>."
"Allow Network Selection as a post privacy option ?";"Autoriser la sélection du réseau comme option post-confidentialité?"
"Yes, show all the available networks.";"Oui, montrez tous les réseaux disponibles."
"Yes, show only those networks that have been joined by the user.";"Oui, ne montrez que les réseaux qui ont été rejoints par l'utilisateur."
"Posts Privacy Options";"Postes Options de confidentialité"
"Your users can choose from any of the options checked below when they decide who can see their posts.";"Vos utilisateurs peuvent choisir parmi l'une des options vérifiées ci-dessous lorsqu'ils décident qui peut voir leurs messages."
"Status Box Options Settings";"Paramètres d'options de la zone d'état"
"Categories & Emojis";"Catégories et emoji"
"The Emoji are unicode emojis which will be compatible for iOS, Android Apps and all supporting Browsers. This plugin comes with pre-configured emojis and categories in various categories.<br />Below, you can change the name and photo of the categories by editing them. Since, the unicode images are universal, these can not be edited.<br />To reorder the categories, click on their names and drag them up or down.";"Les emoji sont des emojis Unicode qui seront compatibles pour iOS, les applications Android et tous les navigateurs de support. Ce plugin est livré avec des emojis et des catégories préconfigurés dans diverses catégories. <Br /> ci-dessous, vous pouvez modifier le nom et la photo des catégories en les modifiant. Puisque, les images Unicode sont universelles, celles-ci ne peuvent pas être modifiées. <Br /> Pour réorganiser les catégories, cliquez sur leurs noms et faites-les glisser vers le haut ou vers le bas."
"Reorder Emojis";"Réorganiser les emoji"
"Edit This Emoji Category";"Modifiez cette catégorie emoji"
"Upload a photo [Note: photos with extension: ""jpg, png, jpeg and gif"" only.]";"Téléchargez une photo [Remarque: Photos avec extension: ""JPG, PNG, JPEG et GIF"" seulement.]"
"Reorder Emojis for Browsers";"Réorganiser les emojis pour les navigateur"
"Here, you can reorder the emoji images. These will be reflected when users try to add emojis in their posts and comments from browsers.<br />To reorder the emojis, click on their names and drag them up or down.";"Ici, vous pouvez réorganiser les images emoji. Ceux-ci seront reflétés lorsque les utilisateurs essaieront d'ajouter des emojis dans leurs articles et commentaires des navigateurs. <Br /> Pour réorganiser les emojis, cliquez sur leurs noms et faites-les glisser vers le haut ou vers le bas."
"Back to Categories & Emojis";"Retour aux catégories et emoji"
"%s emoji found.";"%s emoji trouvé.";"%s emojis found."
"Manage Reactions";"Gérer les réaction"
"Here, you can manage reactions for the feeds and content on your website. You can edit, delete or create new reactions from below.";"Ici, vous pouvez gérer des réactions pour les flux et le contenu de votre site Web. Vous pouvez modifier, supprimer ou créer de nouvelles réactions à partir de ci-dessous."
"Add a New Reaction";"Ajouter une nouvelle réaction"
"Edit This Reaction";"Modifier cette réaction"
"Here, you can edit this reactions which will show to users when they mouse over on Like button.";"Ici, vous pouvez modifier ces réactions qui s'afficheront aux utilisateurs lorsqu'ils sourisnt sur le bouton Like."
"Reaction Name";"Nom de réaction"
"Reaction Photo";"Photo de réaction"
"Upload a photo for this reaction. [Note: photos with extension: ""jpg, png, jpeg and gif"" only.]";"Téléchargez une photo pour cette réaction. [Remarque: Photos avec extension: ""JPG, PNG, JPEG et GIF"" seulement.]"
"Delete This Reaction";"Supprimer cette réaction"
"Are you sure that you want to delete this reaction? It will not be recoverable after being deleted and also all entry also deleted which user on any content and feed.";"Êtes-vous sûr que vous souhaitez supprimer cette réaction? Il ne sera pas récupérable après avoir été supprimé et toute entrée a également supprimé quel utilisateur sur tout contenu et flux."
"%s reaction found.";"%s Réaction trouvée.";"%s reactions found."
"Stickers Settings";"Paramètres des autocollant"
"Stickers Categories";"Catégories d'autocollant"
"Here, you can add categories for the stickers on your website. You can associate stickers with these categories from the ""Sticker Packs"" section.";"Ici, vous pouvez ajouter des catégories pour les autocollants sur votre site Web. Vous pouvez associer des autocollants à ces catégories de la section ""Sticker Packs""."
"Stickers Packs";"Packs d'autocollant"
"Here, you can create new packs and upload stickers in them.";"Ici, vous pouvez créer de nouveaux packs et télécharger des autocollants."
"%s pack found.";"%s Pack trouvé.";"%s packs found."
"%s category found.";"%s catégorie trouvée.";"%s categories found."
"Color";"Couleur"
"Edit This Category";"Modifier cette catégorie"
"Category Photo";"Photo de catégorie"
"Upload a photo [Note: photos with extension: ""jpg, png, jpeg and gif"" only.]";"Téléchargez une photo [Remarque: Photos avec extension: ""JPG, PNG, JPEG et GIF"" seulement.]"
"Are you sure that you want to delete this catgeory? It will not be recoverable after being deleted.";"Êtes-vous sûr que vous souhaitez supprimer ce catgeoire? Il ne sera pas récupérable après avoir été supprimé."
"Delete Category?";"Supprimer la catégorie?"
"Pack Title";"Titre de pack"
"Pack Description";"Description du pack"
"Category Id";"ID de catégorie"
"Create Pack";"Créer un pack"
"Edit This Pack";"Modifier ce pack"
"Delete This Pack";"Supprimer ce pack"
"Are you sure that you want to delete this pack? It will not be recoverable after being deleted.";"Êtes-vous sûr que vous souhaitez supprimer ce pack? Il ne sera pas récupérable après avoir été supprimé."
"Write a reply...";"Écrivez une réponse ..."
"Post Emojis";"Post emoji"
"Facebook";"Facebook"
"Twitter";"Gazouillement"
"Google Plus";"Google Plu"
"Linkedin";"Liendin"
"Disable Comments";"Désactiver les commentaire"
"Permalink of this Post";"Permalien de ce post"
"Copy link of this feed:";"Copier le lien de ce flux:"
"Go to this feed";"Aller à ce flux"
"Emojis";"Emoji"
"Are you sure that you want to delete this activity item and all of its comments? This action cannot be undone. <br />You can also consider editing this post, if you just want to make some changes.";"Êtes-vous sûr que vous souhaitez supprimer cet élément d'activité et tous ses commentaires? Cette action ne peut pas être annulée. <br /> Vous pouvez également envisager de modifier ce message, si vous voulez simplement apporter des modifications."
"Unsave Feed";"Alimentation non savante"
"Enable Comments";"Activer les commentaire"
"You won''t see this post in Feed.";"Vous ne verrez pas ce post dans Feed."
" post in Feed.";"publier en alimentation."
"Undo";"Défaire"
"Hide all from";"Cacher tout"
"_ACTIVITY_ACTIONTYPE_POST_MUSIC";"Lorsque quelqu'un télécharge de la musique à partir de la page du sujet."
"_ACTIVITY_ACTIONTYPE_POST_PHOTO";"Lorsque quelqu'un télécharge une photo de l'activité."
"_ACTIVITY_ACTIONTYPE_POST_SELF_BUYSELL";"Lorsque certains téléchargent acheter des flux de vente d'activité."
"_ACTIVITY_ACTIONTYPE_POST_SELF_FILE";"Lorsque certains téléchargent un fichier à partir de l'activité."
"_ACTIVITY_ACTIONTYPE_POST_SELF_LINK";"Lorsque quelqu'un télécharge un lien."
"_ACTIVITY_ACTIONTYPE_POST_SELF_MUSIC";"Quand quelqu'un télécharge de la musique."
"_ACTIVITY_ACTIONTYPE_POST_SELF_PHOTO";"Quand quelqu'un télécharge une photo."
"_ACTIVITY_ACTIONTYPE_POST_SELF_VIDEO";"Quand quelqu'un télécharge la vidéo."
"_ACTIVITY_ACTIONTYPE_POST_VIDEO";"Lorsque certains téléchargent une vidéo à partir de la page du sujet."
"_ACTIVITY_ACTIONTYPE_ACTIVITY_EVENT_SHARE";"quand un seul événement d'activité partage."
"ACTIVITY_TYPE_ACTIVITY_SCHEDULED_LIVE";"Quand mon poste d'horaire est en direct."
"ACTIVITY_TYPE_ACTIVITY_TAGGED_PEOPLE";"Quand quelqu'un me tague dans un post."
"ACTIVITY_TYPE_ACTIVITY_TAGGED_PEOPL";"Quand quelqu'un me tague dans un post."
"ACTIVITY_TYPE_ACTIVITY_TAGGED_ITEM";"Quand quelqu'un me tague dans un post."
"ADMIN_ACTIVITY_TYPE_POST_MUSIC";"Lorsqu'un utilisateur (sujet) publie une musique sur le profil d'un autre utilisateur (objet)."
"ADMIN_ACTIVITY_TYPE_POST_PHOTO";"Lorsqu'un utilisateur (sujet) publie une photo sur le profil d'un autre utilisateur (objet)."
"ADMIN_ACTIVITY_TYPE_POST_SELF_BUYSELL";"Lorsqu'un utilisateur (sujet) vend quelque chose sur son profil."
"ADMIN_ACTIVITY_TYPE_POST_SELF_FILE";"Lorsqu'un utilisateur (sujet) publie un fichier sur son profil."
"ADMIN_ACTIVITY_TYPE_POST_SELF_LINK";"Lorsqu'un utilisateur (sujet) publie un lien sur son profil."
"ADMIN_ACTIVITY_TYPE_POST_SELF_MUSIC";"Lorsqu'un utilisateur (sujet) publie de la musique sur son profil."
"ADMIN_ACTIVITY_TYPE_POST_SELF_PHOTO";"Lorsqu'un utilisateur (sujet) publie une photo sur son profil."
"ADMIN_ACTIVITY_TYPE_POST_SELF_VIDEO";"Lorsqu'un utilisateur (sujet) publie une vidéo sur son profil."
"ADMIN_ACTIVITY_TYPE_POST_VIDEO";"Lorsqu'un utilisateur (sujet) publie une vidéo sur le profil d'un autre utilisateur (objet)."
"ADMIN_ACTIVITY_TYPE_ACTIVITY_EVENT_SHARE";"Lorsqu'un utilisateur (sujet) partage un événement d'activité."
"ADMIN_ACTIVITY_TYPE_POST_SELF_SELL";"Lorsqu'un utilisateur (sujet) vend quelque chose."
"ADMIN_ACTIVITY_TYPE_POST_SELL";"Lorsqu'un utilisateur (sujet) vend quelque chose (objet)."
"ADMIN_ACTIVITY_TYPE_POST_SELF_PHOTO_VIDEO";"Lorsqu'un utilisateur (sujet) publie une photo / vidéo sur son profil."
"Sell Something(Activity)";"Vendre quelque chose"
"Add Activitytargetpost(Activity)";"Ajouter un poste cible"
"Add Albumvideo(Activity)";"Ajouter des photos / vidéo"
"Add Link(Core)";"Ajouter un lien (ne fonctionne que lorsque vous tapez ou collez le lien dans la zone de poste d'état.)"
"Add File(Activity)";"Ajouter un fichier"
"PAGETITLE-ACTIVITY-FILTER-CONTENT-ADMIN-SETTINGS";"Gérer les filtre"
"PAGETITLE-ACTIVITY-INDEX-ADMIN-MANAGE-FEEDBG";"Gérer les images d'arrière-plan pour les mises à jour de statut"
"PAGETITLE-ACTIVITY-INDEX-ADMIN-FEELING";"Gérer les catégories pour les sentiments et les activité"
"PAGETITLE-ACTIVITY-FEELINGICONS-ADMIN-FEELING";"Gérer les listes de catégorie de sentiment"
"PAGETITLE-COMMENT-INDEX-ADMIN-EMOTION";"Paramètres des autocollant"
"PAGETITLE-COMMENT-GALLERY-ADMIN-EMOTION";"Packs d'autocollant"
"PAGETITLE-COMMENT-FILES-ADMIN-EMOTION";"Packs d'autocollant"
"PAGETITLE-COMMENT-INDEX-ADMIN-MANAGE-REACTIONS";"Gérer les réaction"
"PAGETITLE-ACTIVITY-INDEX-ADMIN-EMOJI";"Catégories et emoji"
"PAGETITLE-ACTIVITY-EMOJIICONS-ADMIN-EMOJI";"Réorganiser les emojis pour les navigateur"
"Enable Tooltip";"Activer l'influence"
"Do you want to enable tooltip to display information of members and contents when someone mouse over on their names? This tooltip will be shown in activity feed only.";"Voulez-vous permettre à Fooltp pour afficher des informations sur les membres et le contenu lorsque quelqu'un souris sur ses noms? Cette info-bulle sera affichée uniquement dans le flux d'activités."
"Choose Attachments";"Choisir les pièces jointe"
"Choose from below the attachments which you want to enable in the comments and replies on your website.";"Choisissez parmi les pièces jointes que vous souhaitez activer dans les commentaires et les réponses sur votre site Web."
"Publish this on Linkedin";"Publiez ceci sur LinkedIn"
"Choose a file to upload";"Choisissez un fichier à télécharger"
"Add Photo";"Ajouter une photo"
"Cancel Uploading";"Annuler le téléchargement"
"Country name not fetch for given location. Write Country name manually in text box and save.";"Le nom du pays ne va pas aller pour un emplacement donné. Écrivez le nom du pays manuellement dans la zone de texte et enregistrez."
"City name not fetch for given location.Write City name manually in text box and save.";"Le nom de la ville ne va pas chercher pour un emplacement donné. Écrivez le nom de la ville manuellement dans la zone de texte et sauvegardez."
"Please select city name.";"Veuillez sélectionner le nom de la ville."
"Please select country name.";"Veuillez sélectionner le nom du pays."
"Publish this on Twitter";"Publiez ceci sur Twitter"
"More";"Plu"
"An error occured. Please try again after some time.";"Une erreur s'est produite. Veuillez réessayer après un certain temps."
"Permalink of this Post";"Permalien de ce post"
"Go to this feed";"Aller à ce flux"
"You won''t see";"Tu ne vois pa"
"post in Feed.";"publier en alimentation."
"Select";"Sélectionner"
"It is a long established fact that a reader will be distracted";"C'est un fait établi depuis longtemps qu'un lecteur sera distrait"
"Edit Post";"Modifier la publication"
"Settings";"Paramètre"
"Post on Wall";"Poster sur le mur"
"Send Message";"Envoyer un message"
"Add Friends to See More Feeds";"Ajouter des amis pour voir plus de flux"
"You’ll have more feeds in your Activity Feed wall, once you add more friends here.";"Vous aurez plus de flux dans votre mur d'activité, une fois que vous aurez ajouté plus d'amis ici."
"Add your birthday to your profile";"Ajoutez votre anniversaire à votre profil"
"Let people know when the big day arrives.";"Faites savoir aux gens quand le grand jour arrive."
"Go now";"Aller maintenant"
"Posts You've Hidden";"Posts que vous avez caché"
"Posts You're Tagged In";"Articles dans lesquels vous êtes étiqueté"
"Item Details";"Détails de l'article"
"Mark as Sold";"Marquez comme vendu"
"Message Seller";"Vendeur de message"
"Sold";"Vendu"
"Remove Selected";"Supprimer sélectionné"
"Edit Photo";"Modifier la photo"
"Title";"Titre"
"Image Description";"Description de l'image"
"Save Changes";"Enregistrer les modification"
"Delete Comment?";"Supprimer le commentaire?"
"Are you sure that you want to delete this comment? This action cannot be undone.";"Êtes-vous sûr que vous souhaitez supprimer ce commentaire? Cette action ne peut pas être annulée."
"Edit Feed";"Modifier le flux"
"Delete Feed";"Supprimer l'alimentation"
"CORECOMMENT";"Commentaire"
"Men";"Homme"
"Women";"Femme"
"Age";"Âge"
"All";"Tou"
"Choose Preferred Audience";"Choisissez le public préféré"
"Choose preferred audience for your post.";"Choisissez un public préféré pour votre message."
"Gender";"Genre"
"Save";"Sauvegarder"
"Remove";"Retirer"
"Close";"Fermer"
"Choose to share your post with &quot;All&quot; or specific gender.";"Choisissez de partager votre message avec & quot; tout & quot; ou un sexe spécifique."
"Choose minimum and maximum age of the members with whom you want to share your post.";"Choisissez l'âge minimum et maximum des membres avec lesquels vous souhaitez partager votre message."
"See whose activity feeds you have hidden";"Voir à qui les aliments pour l'activité que vous avez caché"
"You have not hidden activity feed(s) from any user.";"Vous n'avez pas caché de flux d'activités à aucun utilisateur."
"Add FB Embed Post";"Ajouter le post FB Embed"
"Feeling/Activity";"Sentiment / activité"
"with";"avec"
"Shared with: ";"Partagé avec:"
"Choose Feeling or activity...";"Choisissez le sentiment ou l'activité ..."
"How are you feeling?";"Comment te sens-tu?"
"Stickers";"Autocollant"
"Add Album";"Ajouter l'album"
"Stickers";"Autocollant"
"GIF";"Gif"
"Post GIF";"Post GIF"
"Add Friend";"Ajouter un ami"
"Wow";"Ouah"
"Haha";"Haha"
"Save Feed";"Enregistrer les aliment"
"Feed Link";"Lien d'alimentation"
"Hide Feed";"Masquer les aliment"
"Hide all by %s";"Cacher tout par %s"
"View More";"Voir plu"
"Post";"Poste"
"Edit Post";"Modifier la publication"
"Edit";"Modifier"
"edited";"édité"
"post";"poste";"posts"
"Like";"j'aime "
"like";"comme"
"Unlike";"Contrairement à"
"unlike";"contrairement à"
"Comment";"Commentaire"
"COMMENT";"Commentaire"
"Delete";"Supprimer"
"Delete Comment?";"Supprimer le commentaire?"
"Are you sure that you want to delete this comment? This action cannot be undone.";"Êtes-vous sûr que vous souhaitez supprimer ce commentaire? Cette action ne peut pas être annulée."
"Done";"Fait"
"%s others";"%s Autre"
"Not allowed.";"Pas autorisé."
"%s person likes this";"%s personne aime ça";"%s people like this"
"%s likes this.";"%s aime ça.";"%s like this."
"This activity item has been removed.";"Cet élément d'activité a été supprimé."
"Comment has been deleted";"Le commentaire a été supprimé"
"You do not have the privilege to delete this comment";"Vous n'avez pas le privilège de supprimer ce commentaire"
"... &nbsp;";"... & nbsp;"
"more";"plu"
"less";"moin"
"You have no notifications.";"Vous n'avez pas de notifications."
"You have no requests.";"Vous n'avez aucune demande."
"Publish this on Facebook";"Publiez ceci sur Facebook"
"Share this by re-posting it with your own message.";"Partagez cela en le republiant avec votre propre message."
"Delete Activity Item?";"Supprimer l'élément d'activité?"
"Are you sure that you want to delete this activity item and all of its comments? This action cannot be undone.";"Êtes-vous sûr que vous souhaitez supprimer cet élément d'activité et tous ses commentaires? Cette action ne peut pas être annulée."
"Activity";"Activité"
"{item:$subject} and {others:$otherItems}";"{item:$subject} et {others:$otherItems}"
" Posted %1$s";"Publié %1$"
"ADMIN_ACTIVITY_TYPE_TAGGED";"Lorsqu'un utilisateur (sujet) marque un autre utilisateur (objet) sur des photos et d'autres endroits."
"ADMIN_ACTIVITY_TYPE_FRIENDS";"Lorsqu'un utilisateur (sujet) se fait ami avec un autre utilisateur (objet)."
"ADMIN_ACTIVITY_TYPE_FRIENDS_FOLLOW";"Lorsqu'un utilisateur (sujet) suit un autre utilisateur (objet)."
"ADMIN_ACTIVITY_TYPE_LOGIN";"Lorsqu'un utilisateur (sujet) se connecte."
"ADMIN_ACTIVITY_TYPE_LOGOUT";"Lorsqu'un utilisateur (sujet) se déconnecte."
"ADMIN_ACTIVITY_TYPE_POST";"Lorsqu'un utilisateur (sujet) publie un message au profil d'un autre utilisateur (objet)."
"ADMIN_ACTIVITY_TYPE_POST_SELF";"Lorsqu'un utilisateur (sujet) publie une pièce jointe."
"ADMIN_ACTIVITY_TYPE_PROFILE_PHOTO_UPDATE";"Lorsqu'un utilisateur (sujet) met à jour sa photo de profil."
"ADMIN_ACTIVITY_TYPE_SIGNUP";"Lorsqu'un nouvel utilisateur (sujet) s'inscrit."
"ADMIN_ACTIVITY_TYPE_STATUS";"Lorsqu'un utilisateur (sujet) publie une mise à jour d'état."
"ADMIN_ACTIVITY_TYPE_NETWORK_JOIN";"Lorsqu'un utilisateur (sujet) rejoint un réseau."
"ADMIN_ACTIVITY_TYPE_SHARE";"Lorsqu'un utilisateur partage le message d'un autre utilisateur."
"ADMIN_ACTIVITY_TYPE_LIKE_ACTIVITY_ACTION";"Lorsqu'un utilisateur (sujet) aime la publication d'un autre utilisateur."
"ADMIN_ACTIVITY_TYPE_COMMENT_ACTIVITY_ACTION";"Lorsqu'un utilisateur (sujet) commente sur la publication d'un autre utilisateur."
"ACTIVITY_FORM_ADMIN_SETTINGS_GENERAL_POSTLENGTH_DESCRIPTION";"Entrez la limite de caractère pour publier dans le flux d'activité (également appliqué lors de la modification du message). Le champ doit contenir un entier entre 1 et 9999."
"#admin";"nan"
"ACTIVITY_FORM_ADMIN_SETTINGS_GENERAL_DESCRIPTION";"Le flux d'activités récent est une liste de mise à jour automatique des actions qui se sont récemment produites sur votre réseau social. Ces informations s'affichent (par défaut) sur la page ""My Home"" des utilisateurs. De plus, la liste des activités personnelles de chaque utilisateur sera affichée sur sa page de profil si elle est activée ci-dessous. Veuillez noter que certains des paramètres ici ne sont pas rétroactifs, ce qui signifie que les modifications que vous apportez ici peuvent ne pas affecter les anciens éléments de flux. <Br /> <Br /> Remarque: Pour activer, gérer et désactiver les éléments de flux individuels, veuillez vous référer à la page <a href = '__ var0 __'> Page de types de types de flux d'activité </a>."
"Allowed Feed Items";"Autorisation des articles d'alimentation"
"ACTIVITY_FORM_ADMIN_SETTINGS_GENERAL_ALLOWED_DESCRIPTION";"Quels éléments de flux souhaitez-vous être montrés dans le récent flux d'activités?"
"Overall Feed Length";"Longueur globale de l'alimentation"
"ACTIVITY_FORM_ADMIN_SETTINGS_GENERAL_LENGTH_DESCRIPTION";"Combien d'éléments totaux souhaitez-vous que le flux d'activités principal affiche à un moment donné?"
"ACTIVITY_FORUM_ADMIN_SETTINGS_GENERAL_LENGTH_OPTION1";"5"
"ACTIVITY_FORUM_ADMIN_SETTINGS_GENERAL_LENGTH_OPTION2";"10"
"Item Limit Per User";"Limite d'élément par utilisateur"
"ACTIVITY_FORM_ADMIN_SETTINGS_GENERAL_USERLENGTH_DESCRIPTION";"Combien d'éléments par utilisateur peut être montré sur le flux d'activités récent? Il est important d'avoir un bon mélange d'articles de divers utilisateurs sur votre réseau social, donc vous pouvez ici limiter le nombre d'éléments publiés sur chaque utilisateur à tout moment. Pour les réseaux sociaux plus petits, un nombre plus élevé d'éléments publiés par utilisateur pourrait être plus approprié."
"ACTIVITY_FORUM_ADMIN_SETTINGS_GENERAL_USERLENGTH_OPTION1";"5"
"ACTIVITY_FORUM_ADMIN_SETTINGS_GENERAL_USERLENGTH_OPTION2";"10"
"Update Frequency";"Mettre à jour la fréquence"
"ACTIVITY_FORM_ADMIN_SETTINGS_GENERAL_LIVEUPDATE_DESCRIPTION";"L'application se connecte à votre serveur (en utilisant AJAX) toutes les quelques secondes pour vérifier s'il y a de nouvelles mises à jour du flux d'activité. À quelle fréquence voulez-vous que ce processus se produise? Une durée plus courte consommera plus de ressources de serveur. Si votre serveur rencontre des problèmes de ralentissement, essayez de réduire la fréquence, l'application vérifie les mises à jour."
"ACTIVITY_FORM_ADMIN_SETTINGS_GENERAL_NOTIFICATIONUPDATE_DESCRIPTION";"L'application se connecte à votre serveur (en utilisant AJAX) toutes les quelques secondes pour vérifier s'il y a de nouvelles notifications. À quelle fréquence voulez-vous que ce processus se produise? Une durée plus courte consommera moins de ressources de serveur. Si votre serveur rencontre des problèmes de ralentissement, essayez de réduire la fréquence, l'application vérifie les mises à jour."
"#""%d minute""";"%d minute";"%d minutes"
"ACTIVITY_FORUM_ADMIN_SETTINGS_GENERAL_LIVEUPDATE_OPTION1";"30 seconde"
"ACTIVITY_FORUM_ADMIN_SETTINGS_GENERAL_LIVEUPDATE_OPTION2";"1 minute"
"ACTIVITY_FORUM_ADMIN_SETTINGS_GENERAL_LIVEUPDATE_OPTION3";"2 minute"
"ACTIVITY_FORUM_ADMIN_SETTINGS_GENERAL_LIVEUPDATE_OPTION4";"Jamai"
"Item Deletion";"Suppression de l'article"
"ACTIVITY_FORM_ADMIN_SETTINGS_GENERAL_USERDELETE_DESCRIPTION";"Voulez-vous donner aux membres la possibilité de supprimer leurs propres éléments de flux publiés? Il s'agit généralement d'une liberté importante de donner aux membres car cela les aide à maintenir leur vie privée."
"Yes, allow members to delete their feed items.";"Oui, permettez aux membres de supprimer leurs éléments de flux."
"No, members may not delete their feed items.";"Non, les membres ne peuvent pas supprimer leurs éléments d'alimentation."
"Feed Content";"Nourrir le contenu"
"ACTIVITY_FORM_ADMIN_SETTINGS_GENERAL_CONTENT_DESCRIPTION";"Lorsqu'un membre examine le fil d'activité récent, dont les actions devraient-elles voir? Pour les réseaux plus petits, il peut être plus logique de montrer des actions récentes de ""tous les membres"" afin que le flux soit rapidement peuplé."
"All Members";"Tous les membre"
"My Friends or Networks";"Mes amis ou réseaux"
"My Friends";"Mes ami"
"My Networks";"Mes réseaux"
"Multiple Networks";"Réseaux multiple"
"Choose Multiple Networks you want to share with:";"Choisissez plusieurs réseaux avec lesquels vous souhaitez partager:"
"Feed Item Filtering";"Filtrage des éléments d'alimentation"
"ACTIVITY_FORM_ADMIN_SETTINGS_GENERAL_FILTER_DESCRIPTION";"Voulez-vous permettre aux membres de décider quels articles alimentaires qu'ils souhaitent voir dans le fil d'activité principal? Si vous activez cette fonctionnalité, les membres pourront spécifier quels types d'éléments ils font et ne veulent pas voir dans leur flux d'activités récent."
"Yes, members can choose not to see certain feed item types.";"Oui, les membres peuvent choisir de ne pas voir certains types d'articles de flux."
"No, members cannot customize their view of the feed.";"Non, les membres ne peuvent pas personnaliser leur vue du flux."
"Item Publishing Option";"Option de publication d'article"
"ACTIVITY_FORM_ADMIN_SETTINGS_GENERAL_PUBLISH_DESCRIPTION";"Voulez-vous permettre aux membres d'éviter la publication des types d'action spécifiques? Si oui, un paramètre apparaîtra sur la page des paramètres de compte de vos membres leur permettant de choisir les types d'action pour ne pas publier dans le flux d'activité."
"Yes, members may specify which item types will NOT be published about them.";"Oui, les membres peuvent spécifier quels types d'articles ne seront pas publiés à leur sujet."
"No, members may not specify which actions will NOT be published about them.";"Non, les membres ne peuvent pas spécifier quelles actions ne seront pas publiées à leur sujet."
"Share";"Partager"
"Recent Updates";"Mises à jour récente"
"My Request (%d)";"Ma demande (%d)";"My Requests (%d)"
"The page you have attempted to access could not be found.";"La page à laquelle vous avez tenté d'accéder n'a pas pu être trouvée."
"Activity Item Not Found";"Élément d'activité introuvable"
"%d new update is available - click this to show it.";"%d Nouvelle mise à jour est disponible - cliquez sur ceci pour l'afficher.";"%d new updates are available - click this to show them."
"You cannot share this item because it has been removed.";"Vous ne pouvez pas partager cet élément car il a été supprimé."
"Default Email Notifications";"Notifications par e-mail par défaut"
"This page allows you to specify the default email notifications for new users.";"Cette page vous permet de spécifier les notifications de messagerie par défaut pour les nouveaux utilisateurs."
"Delete All";"Supprimer tout"
"Remove this Notification";"Supprimer cette notification"
"You are being invited to join our social network.";"Vous êtes invité à rejoindre notre réseau social."
"Request Invite";"Demander l'invitation"
"Delete All Notifications";"Supprimer toutes les notification"
"Are you sure you want to delete all notifications?";"Êtes-vous sûr de vouloir supprimer toutes les notifications?"
"Delete Notification";"Supprimer la notification"
"Are you sure you want to delete notification?";"Êtes-vous sûr de vouloir supprimer la notification?"
"You can not view this content at the moment";"Vous ne pouvez pas voir ce contenu pour le moment"
"When this happens, it's usually because the owner only shared it with a small people or changed who can see it, or it's been deleted.";"Lorsque cela se produit, c'est généralement parce que le propriétaire ne l'a partagé qu'avec une petite personne ou a changé qui peut le voir, ou il a été supprimé."
"PAGETITLE-ACTIVITY-MANAGE-EMOTICONS-ADMIN-SETTINGS";"Émoticône"
"pagetitle-activity-index-notifications";"Mises à jour récente"
"ACTIVITY_TYPE_ACTIVITY_COMMENT";"Quand quelqu'un commente quelque chose que j'ai publié."
"ACTIVITY_TYPE_ACTIVITY_LIKE";"Quand quelqu'un aime quelque chose que j'ai posté."
"ACTIVITY_TYPE_ACTIVITY_POST";"Quand quelqu'un publie sur mon profil."
"ACTIVITY_TYPE_FRIEND_ACCEPTED";"Quand quelqu'un accepte ma demande d'ami."
"ACTIVITY_TYPE_FRIEND_REQUEST";"Quand je reçois une demande d'ami."
"ACTIVITY_TYPE_POST_COMMENTED_COMMENTED";"Quand quelqu'un commente un post, j'ai commenté."
"ACTIVITY_TYPE_POST_LIKED_COMMENTED";"Quand quelqu'un aime un post, j'ai commenté."
"ACTIVITY_TYPE_COMMENTED_ACTIVITY_ACTION";"Quand quelqu'un commente l'activité, j'ai commenté."
"ACTIVITY_TYPE_COMMENTED_CORE_LINK";"Quand quelqu'un commente un lien, j'ai commenté."
"ACTIVITY_TYPE_COMMENT_ACTIVITY_ACTION";"Quand quelqu'un commente mon activité."
"ACTIVITY_TYPE_COMMENT_CORE_LINK";"Quand quelqu'un commente l'un de mes liens."
"ACTIVITY_TYPE_COMMENT_USER";"Quand quelqu'un commente mon profil."
"ACTIVITY_TYPE_LIKED_ACTIVITY_ACTION";"Quand quelqu'un commente l'activité que j'aimais."
"ACTIVITY_TYPE_LIKED_CORE_LINK";"Quand quelqu'un commente un lien que j'ai aimé."
"ACTIVITY_TYPE_LIKE_ACTIVITY_ACTION";"Quand quelqu'un aime mon activité."
"ACTIVITY_TYPE_LIKE_CORE_LINK";"Quand quelqu'un aime l'un de mes liens."
"ACTIVITY_TYPE_COMMENTED";"Quand les gens commentent mes messages."
"ACTIVITY_TYPE_LIKED";"Quand les gens aiment mes messages."
"ACTIVITY_TYPE_COMMENTED_COMMENTED";"Quand les gens commentent la même chose que moi."
"ACTIVITY_TYPE_LIKED_COMMENTED";"Quand les gens commentent des choses que j'ai aimées."
"ACTIVITY_TYPE_POST_USER";"Lorsque les gens publient sur mon profil."
"ACTIVITY_TYPE_TAGGED";"Quand je suis tagué sur des photos et d'autres endroits."
"ACTIVITY_TYPE_COMMENTED";"Quand les gens commentent des choses que je poste."
"ACTIVITY_TYPE_COMMENTED_COMMENTED";"Quand les gens commentent la même chose que moi."
"ACTIVITY_TYPE_LIKED";"Quand les gens aiment les choses que je poste."
"ACTIVITY_TYPE_LIKED_COMMENTED";"Quand les gens commentent des choses que j'ai aimées."
"ACTIVITY_TYPE_POST_USER";"Lorsque les gens publient sur mon profil."
"ACTIVITY_TYPE_TAGGED";"Quand je suis tagué sur des photos et d'autres endroits."
"ACTIVITY_TYPE_FRIENDS";"Quand deux membres deviennent amis."
"ACTIVITY_TYPE_LOGIN";"Lorsqu'un membre se connecte."
"ACTIVITY_TYPE_LOGOUT";"Lorsqu'un membre se connecte."
"ACTIVITY_TYPE_POST";"Lorsque je publie un message au profil de quelqu'un d'autre."
"ACTIVITY_TYPE_POST_SELF";"Quand je poste une pièce jointe."
"ACTIVITY_TYPE_PROFILE_PHOTO_UPDATE";"Lorsqu'une photo de profil est mise à jour."
"ACTIVITY_TYPE_SIGNUP";"Lorsqu'un nouveau membre s'inscrit."
"ACTIVITY_TYPE_STATUS";"Lorsqu'une mise à jour de statut est publiée."
"ACTIVITY_TYPE_FRIEND_FOLLOW";"Quand quelqu'un commence à me suivre."
"ACTIVITY_TYPE_FRIEND_FOLLOW_ACCEPTED";"Quand quelqu'un accepte ma demande de les suivre."
"ACTIVITY_TYPE_FRIEND_FOLLOW_REQUEST";"Quand quelqu'un demande de me suivre."
"ACTIVITY_TYPE_FRIENDS_FOLLOW";"Quand quelqu'un commence à me suivre."
"ACTIVITY_TYPE_FIELDS_CHANGE_GENERIC";"Quand je met à jour mon profil"
"ACTIVITY_TYPE_SHARED";"Lorsque l'élément de flux d'activité est partagé."
"_ACTIVITY_ACTIONTYPE_SHARE";"Élément d'alimentation d'activité partagé"
"_ACTIVITY_ACTIONTYPE_LIKE_ACTIVITY_ACTION";"Quand j'ai aimé les message"
"_ACTIVITY_ACTIONTYPE_COMMENT_ACTIVITY_ACTION";"Quand je commente un post"
"_ACTIVITY_ACTIONTYPE_EVENT_COVER_PHOTO_UPDATE";"Lorsque je met à jour une photo de couverture de l'événement."
"_ACTIVITY_ACTIONTYPE_GROUP_COVER_PHOTO_UPDATE";"Lorsque je met à jour une photo de couverture de groupe."
"_ACTIVITY_ACTIONTYPE_COVER_PHOTO_UPDATE";"Lorsque je met à jour ma photo de couverture de profil."
"ACTIVITY_CATEGORY_TYPE_ACTIVITY";"Général"
"# Activty Feed types";"nan"
"{item:$subject} changed their {translate:$label} to ""{var:$value}"".";"{item:$subject} a changé leur {translate:$label} en ""{var:$value}""."
"{item:$subject} is now friends with {item:$object}.";"{item:$subject} est maintenant ami avec {item:$object}."
"{item:$subject} is now following {item:$object}.";"{item:$subject} suit maintenant {item:$object}."
"{item:$subject} has signed in.";"{item:$subject} s'est connecté."
"{item:$subject} has signed out.";"{item:$subject} s'est déconnecté."
"{item:$subject} joined the network {item:$object}";"{item:$subject} a rejoint le réseau {item:$object}"
"{actors:$subject:$object}: {body:$body}";"{actors:$subject:$object}: {body:$body}"
"{item:$subject} {body:$body}";"{item:$subject} {body:$body}"
"{item:$subject} has just signed up. Say hello!";"{item:$subject} vient de s'inscrire. Dites bonjour!"
"{item:$subject} {body:$body}";"{item:$subject} {body:$body}"
"{item:$subject} tagged {item:$object} in a {var:$label}:";"{item:$subject} Tagged {item:$object} dans un {var:$label}:"
"{item:$subject} shared {item:$object}'s {var:$type}. {body:$body}";"{item:$subject} partagé __var1 __ 's {var:$type}. {body:$body}"
"{item:$subject} commented on {item:$owner}'s {item:$object:post}.";"{item:$subject} a commenté __var1 __ 's {item:$object:post}."
"# notification types";"nan"
"{item:$subject} likes your {item:$object:$label}.";"{item:$subject} aime votre {item:$object:$label}."
"{item:$subject} has commented on your {item:$object:$label}.";"{item:$subject} a commenté votre {item:$object:$label}."
"{item:$subject} has commented on a {item:$object:$label} you commented on.";"{item:$subject} a commenté un {item:$object:$label} que vous avez commenté."
"{item:$subject} has commented on a {item:$object:$label} you liked.";"{item:$subject} a commenté un {item:$object:$label} que vous avez aimé."
"# mail templates";"nan"
"# notify_commented";"nan"
"_EMAIL_NOTIFY_COMMENTED_TITLE";"Quand quelqu'un commente votre message."
"_EMAIL_NOTIFY_COMMENTED_DESCRIPTION";"Cet e-mail est envoyé à quelqu'un lorsqu'un commentaire est fait sur son message."
"_EMAIL_NOTIFY_COMMENTED_SUBJECT";"[Sender_title] a commenté quelque chose que vous avez publié"
"_EMAIL_NOTIFY_COMMENTED_BODY";"[En-tête]

Un nouveau commentaire a été publié sur l'un de vos messages par [Sender_title]. Veuillez cliquer sur le lien suivant pour le voir:

http: // [hôte] [object_link]

[pied de page]"
"# notify_commented_commented";"nan"
"_EMAIL_NOTIFY_COMMENTED_COMMENTED_TITLE";"Lorsque quelqu'un commente le message que vous avez commenté."
"_EMAIL_NOTIFY_COMMENTED_COMMENTED_DESCRIPTION";"Cet e-mail est envoyé au membre lorsque quelqu'un commente un article sur lequel le membre a commenté."
"_EMAIL_NOTIFY_COMMENTED_COMMENTED_SUBJECT";"[Sender_title] a également commenté un message que vous avez commenté"
"_EMAIL_NOTIFY_COMMENTED_COMMENTED_BODY";"[En-tête]

[Sender_title] a également commenté un message sur lequel vous avez commenté. Veuillez cliquer sur le lien suivant pour le voir:

http: // [hôte] [object_link]

[pied de page]"
"# notify_liked";"nan"
"_EMAIL_NOTIFY_LIKED_TITLE";"Quand quelqu'un aime votre message."
"_EMAIL_NOTIFY_LIKED_DESCRIPTION";"Cet e-mail est envoyé au membre lorsque quelqu'un aime le message du membre."
"_EMAIL_NOTIFY_LIKED_SUBJECT";"[Sender_title] a aimé votre message"
"_EMAIL_NOTIFY_LIKED_BODY";"[En-tête]

[Sender_title] a aimé l'un de vos messages. Veuillez cliquer sur le lien suivant pour le voir:

http: // [hôte] [object_link]

[pied de page]"
"# notify_liked_commented";"nan"
"_EMAIL_NOTIFY_LIKED_COMMENTED_TITLE";"Quand quelqu'un commente le message que vous avez aimé."
"_EMAIL_NOTIFY_LIKED_COMMENTED_DESCRIPTION";"Cet e-mail est envoyé au membre lorsque quelqu'un commente un article que le membre a aimé."
"_EMAIL_NOTIFY_LIKED_COMMENTED_SUBJECT";"[Sender_title] a commenté un post que vous aimez"
"_EMAIL_NOTIFY_LIKED_COMMENTED_BODY";"[En-tête]

[SENDER_TITLE] a commenté un message que vous avez aimé. Veuillez cliquer sur le lien suivant pour le voir:

http: // [hôte] [object_link]

[pied de page]"
"You do not have access to view this content.";"Vous n'avez pas accès pour afficher ce contenu."
"This usually happens when owner has not shared this content with you or it''s been deleted.";"Cela se produit généralement lorsque le propriétaire n'a pas partagé ce contenu avec vous ou qu'il a été supprimé."
"Copy";"Copie"
"Link Copied Successfully.";"Lien copié avec succès."
"Shared Successfully!";"Partagé avec succès!"
"# from other feed plugin";"nan"
"Pin Post to Top";"Poste d'épingle en haut"
"Unpin Post From Top";"UN UPIN POST DE TOP"
"Pinned Post";"Épinglé"
"Where to Buy (URL Optional)";"Où acheter (URL facultatif)"
"YOU";"Toi"
"If you find it offensive, please";"Si vous le trouvez offensant, s'il vous plaît"
"Good Morning";"Bonjour"
"Good Afternoon";"Bon après-midi"
"Good Evening";"Bonne soirée"
"Welcome";"Accueillir"
"What's New";"Quoi de neuf"
"Please enter the title of your product.";"Veuillez saisir le titre de votre produit."
"Please enter the price of your product.";"Veuillez saisir le prix de votre produit."
"Share";"Partager"
"Close";"Fermer"
"Post Something...";"Publier quelque chose ..."
"It seems, that the post is blank. Please write or attach something to share your post.";"Il semble que le poste soit vide. Veuillez écrire ou joindre quelque chose pour partager votre message."
"Schedule post";"Poste de planification"
"Schedule Your Post";"Planifiez votre message"
"Select date and time on which you want to publish your post.";"Sélectionnez la date et l'heure à laquelle vous souhaitez publier votre message."
"Schedule";"Calendrier"
"Cancel";"Annuler"
"Tag People";"Marquer les gen"
"Check In";"Enregistrement"
"Emoticons";"Émoticône"
"Who are you with?";"Avec qui êtes-vous?"
"Where are you?";"Où es-tu?"
"Everyone";"Tout le monde"
"Just Me";"Juste moi"
"Friends or Networks";"Amis ou réseaux"
"Friends Only";"Amis seulement"
"Only Me";"Seulement moi"
"Multiptle Networks";"Réseaux multiple"
"Multiptle Lists";"Listes de multiple"
"Finish Your Post?";"Terminez votre message?"
"If you leave now, your post won't be saved.";"Si vous partez maintenant, votre message ne sera pas sauvé."
"Discard Post";"Jeter le poste"
"Go to Post";"Aller publier"
"No memories for you on this day.";"Pas de souvenirs pour vous ce jour-là."
"Thanks for coming!";"Merci d'être venu!"
"choose time 10 minutes greater than current time.";"Choisissez du temps 10 minutes supérieur à l'heure actuelle."
"%s peoples talking about this.";"%s Peoples en parlant.";"%s people talking about this."
"Previous";"Précédent"
"Next";"Suivant"
"Welcome to [site_title], [user_name]";"Bienvenue sur [site_title], [user_name]"
"Profile Photo Upload";"Téléchargement photo de profil"
"Upload Photo";"Télécharger une photo"
"Take Photo";"Prendre des photo"
"With your webcam";"Avec votre webcam"
"Click to Take Photo";"Cliquez pour prendre la photo"
"Select a photo";"Sélectionnez une photo"
"Loading";"Chargement"
"See All Friend Request";"Voir toute demande d'ami"
"Friend Requests";"Demandes d'ami"
"You have no any friend request.";"Vous n'avez aucune demande d'ami."
"Find Friends";"Trouver des ami"
"Enter name of member.";"Entrez le nom du membre."
"Find";"Trouver"
"Sell Something";"Vendre quelque chose"
"What are you selling?";"Que vendez-vous?"
"Add price";"Ajouter un prix"
"Add location (optional)";"Ajouter l'emplacement (facultatif)"
"Describe your item (optional)";"Décrivez votre article (facultatif)"
"Choose a file to upload";"Choisissez un fichier à télécharger"
"Upload smaller file.";"Télécharger un fichier plus petit."
"Publish this on Facebook";"Publiez ceci sur Facebook"
"Add Link";"Ajouter le lien"
"PLAY";"JOUER"
"CANCEL";"ANNULER"
