"You can not login until this member is approved.";"You can not login until this member is approved."
"User";"User"
"profile";"profile"

"Post";"Post"
"The credentials you have supplied are invalid. Please check your email and password, and try again.";"The credentials you have supplied are invalid. Please check your email and password, and try again."
"If you already have an account, please enter your details below. If you don't have one yet, please <a href='%s'>sign up</a> first.";"If you already have an account, please enter your details below. If you don't have one yet, please <a href='%s'>sign up</a> first."
"<span><a href='%s'>Forgot Password?</a></span>";"<span><a href='%s'>Forgot Password?</a></span>"

"If you already have an account, please enter your details below. If you don't have one yet, please <a href='%s' target='_blank'>sign up</a> first.";"If you already have an account, please enter your details below. If you don't have one yet, please <a href='%s' target='_blank'>sign up</a> first."
"<span><a href='%s' target='_blank'>Forgot Password?</a></span>";"<span><a href='%s' target='_blank'>Forgot Password?</a></span>"

"Block Member";"Block Member"
"Do you want to block this member?";"Do you want to block this member?"
"Cancel";"Cancel"

"Unblock Member";"Unblock Member"
"Do you want to unblock this member?";"Do you want to unblock this member?"

"Make Profile Photo";"Make Profile Photo"
"Do you want to make this photo your profile photo?";"Do you want to make this photo your profile photo?"
"Save";"Save"
"The password should not contain special characters \ , / & :";"The password should not contain special characters \ , / & :"
"Edit Member Profile";"Edit Member Profile"
"%1$s's Profile";"%1$s's Profile"
"Current Photo";"Current Photo"
"Choose New Photo";"Choose New Photo"
"Save Photo";"Save Photo"
"Profile Photos";"Profile Photos"
"Remove Photo";"Remove Photo"
"remove photo";"remove photo"
"Do you want to remove your profile photo?  Doing so will set your photo back to the default photo.";"Do you want to remove your profile photo?  Doing so will set your photo back to the default photo."

"Profile Style";"Profile Style"
"Add your own CSS code above to give your profile a more personalized look.";"Add your own CSS code above to give your profile a more personalized look."
"Save Styles";"Save Styles"

"Add Friend";"Add Friend"
"Would you like to add this member as a friend?";"Would you like to add this member as a friend?"

"Cancel Friend Request";"Cancel Friend Request"
"Do you want to cancel your friend request?";"Do you want to cancel your friend request?"
"Cancel Request";"Cancel Request"

"Confirm Friend";"Confirm Friend"
"Would you like to confirm this member as a friend?";"Would you like to confirm this member as a friend?"

"Reject Friend";"Reject Friend"
"Would you like to reject this member as a friend?";"Would you like to reject this member as a friend?"

"Remove Friend";"Remove Friend"
"Are you sure you want to remove this member as a friend?";"Are you sure you want to remove this member as a friend?"

"Delete Account";"Delete Account"
"Are you sure you want to delete your account? Any content you've uploaded in the past will be permanently deleted. You will be immediately signed out and will no longer be able to sign in with this account.";"Are you sure you want to delete your account? Any content you've uploaded in the past will be permanently deleted. You will be immediately signed out and will no longer be able to sign in with this account."
"Yes, Delete My Account";"Yes, Delete My Account"
"This is the last super admin account. Please reconsider before deleting this account.";"This is the last super admin account. Please reconsider before deleting this account."

"My Settings";"My Settings"
"General";"General"
"Notifications";"Notifications"
"General Settings";"General Settings"
"Notification Settings";"Notification Settings"
"Email address";"Email address"
"Please enter a valid email address.";"Please enter a valid email address."
"Someone has already registered this email address, please use another one.";"Someone has already registered this email address, please use another one."
"Username";"Username"
"Please enter a valid username.";"Please enter a valid username."
"Someone has already picked this username, please use another one.";"Someone has already picked this username, please use another one."
"Username must start with a letter.";"Username must start with a letter."
"Username must be alphanumeric.";"Username must be alphanumeric."

"Account Type";"Account Type"
"Timezone";"Timezone"
"Select the city closest to you that shares your same timezone."
"Locale";"Locale"
"Dates, times, and other settings will be displayed using this locale setting.";"Dates, times, and other settings will be displayed using this locale setting."
"Email Alerts";"Email Alerts"
"Which of the these do you want to receive email alerts about?";"Which of the these do you want to receive email alerts about?"

"Join Network";"Join Network"
"Change Password";"Change Password"
"Old password";"Old password"
"New password";"New password"
"Password must be at least 6 characters and contain one upper and one lower case letter, one number and one special character.";"Password must be at least 6 characters and contain one upper and one lower case letter, one number and one special character."
"It seems that you have used an old password. Choose a new password, to protect your account.";"It seems that you have used an old password. Choose a new password, to protect your account."
"Passwords must be at least 6 characters in length.";"Passwords must be at least 6 characters in length."
"New password (again)";"New password (again)"
"Enter your password again for confirmation.";"Enter your password again for confirmation."
"Change Password";"Change Password"

"Privacy Settings";"Privacy Settings"
"Blocked Members";"Blocked Members"
"Adding a person to your block list makes your profile (and all of your other content) unviewable to them and vice-versa. Blocked users will not be able to message you or view things you post. Any connections you have to the blocked person will be canceled. To add someone to your block list, visit that person's profile page.";"Adding a person to your block list makes your profile (and all of your other content) unviewable to them and vice-versa. Blocked users will not be able to message you or view things you post. Any connections you have to the blocked person will be canceled. To add someone to your block list, visit that person's profile page."
"Do not display me in searches, browsing members, or the ""Online Members"" list.";"Do not display me in searches, browsing members, or the ""Online Members"" list."

"Profile Privacy";"Profile Privacy"
"Who can view your profile?";"Who can view your profile?"
"Profile Posting Privacy";"Profile Posting Privacy"
"Who can post on your profile?";"Who can post on your profile?"
"Only Me";"Only Me"
"Only My Friends";"Only My Friends"
"Only My Networks";"Only My Networks"
"Friends or Networks";"Friends or Networks"
"All Members";"All Members"
"User @ Mentions";"User @ Mentions"
"Who can @ mention you?";"Who can @ mention you?"
"Create Account";"Create Account"
"You will use your email address to login.";"You will use your email address to login."
"Password";"Password"
"Please enter a valid password.";"Please enter a valid password."
"Password Again";"Password Again"
"Please make sure the ""password"" and ""password again"" fields match.";"Please make sure the ""password"" and ""password again"" fields match."
"Password did not match";"Password did not match"

"Language";"Language"

"Continue";"Continue"

"Current Photo";"Current Photo"
"Choose New Photo";"Choose New Photo"

"Member Sign In";"Member Sign In"
"Remember Me";"Remember Me"

"Human Verification";"Human Verification"
"Please validate that you are not a robot by typing in the letters and numbers in this image:";"Please validate that you are not a robot by typing in the letters and numbers in this image:"

"Login";"Login"
"Edit My Profile";"Edit My Profile"
"Personal Info";"Personal Info"
"Edit My Photo";"Edit My Photo"

"clear";"clear"

"add to list";"add to list"
"Choose Friend List";"Choose Friend List"
"New list...";"New list..."

"%s friend request";"%s friend request";"%s friend requests"
"%1$s has sent you a friend request.";"%1$s has sent you a friend request."
"or";"or"
"ignore request";"ignore request"

"Browse Members";"Browse Members"
"%s member found.";"%s member found.";"%s members found."

"Loading...";"Loading..."
"View More";"View More"
"Post something...";"Post something..."
"Post Something...";"Post Something..."
"Missing heading";"Missing heading"

"Member Info";"Member Info"
"Member Type:";"Member Type:"

"This profile is private.";"This profile is private."
"Settings were successfully saved.";"Settings were successfully saved."

"My Networks";"My Networks"
"You belong to %s network.";"You belong to %s network.";"You belong to %s networks."
"%s member.";"%s member.";"%s members."

"Leave Network";"Leave Network"
"To add a new network, begin typing its name below.";"To add a new network, begin typing its name below."

"We now";"We now"
"yourname";"yourname"
"Signup complete!";"Signup complete!"
"Yes, Delete My Account";"Yes, Delete My Account"
"skip";"skip"

"Edit Profile Photo";"Edit Profile Photo"
"Apply Changes";"Apply Changes"

"Hi";"Hi"

"Missing heading";"Missing heading"
"Lists:";"Lists"

"Mutual Friends";"Mutual Friends"
"Member Type:";"Member Type:"
"Profile Views:";"Profile Views:"
"Friends:";"Friends:"
"Last Update:";"Last Update:"
"Joined:";"Joined:"
"Member Statistics";"Member Statistics"
"Joined IP:";"Joined IP:"
"Last Login IP:";"Last Login IP:"
"Do Not Sell My Personal Information:";"Do Not Sell My Personal Information:"

"%s view";"%s view";"%s views"
"%1$s view";"%1$s view";"%1$s views"
"%s friend";"%s friend";"%s friends"

"You are already signed in.";"You are already signed in."
"No record of a member with that email was found.";"No record of a member with that email was found."
"Invalid credentials";"Invalid credentials"
"Invalid credentials supplied";"The credentials you have supplied are invalid. Please check your email and password, and try again."
"You are already logged out.";"You are already logged out."
"Another member has already associated with that facebook account";"Another member has already associated with that facebook account"
"Login successful";"Login successful"
"You are now logged out.";"You are now logged out."

"No member specified";"No member specified"
"No action taken";"No action taken"
"Invalid data";"Invalid data"
"An error has occurred.";"An error has occurred."
"Member unblocked";"Member unblocked"
"Member blocked";"Member blocked"
"The uploaded file is not supported or is corrupt.";"The uploaded file is not supported or is corrupt."
"Set as profile photo";"Your profile photo has been successfully changed."
"Your changes have been saved.";"Your changes have been saved."

"Missing list/not authorized";"Missing list/not authorized"
"Already in list";"Already in list"
"Member added to list.";"Member added to list."
"Already not in list";"Already not in list"
"Member removed from list.";"Member removed from list."
"List deleted";"List deleted"
"You cannot befriend yourself.";"You cannot befriend yourself."
"You are already friends with this member.";"You are already friends with this member."
"Friendship request was not sent because you blocked this member.";"Friendship request was not sent because you blocked this member."

"No action taken";"No action taken"
"Your friend request has been sent.";"Your friend request has been sent."
"Your friend request has been cancelled.";"Your friend request has been cancelled."

"You are now friends with %1$s";"You are now friends with %1$s"
"You ignored a friend request from %1$s";"You ignored a friend request from %1$s"
"This person has been removed from your friends.";"This person has been removed from your friends."

"Settings saved.";"Settings saved."
"Settings were successfully saved.";"Settings were successfully saved."
"Passwords did not match";"Passwords did not match"
"Old password did not match";"Old password did not match"
"Network not found";"Network not found"

"Invalid param count";"Invalid param count"
"Invalid param value";"Invalid param value"

"ADMIN_SIGNUP_STEP_USER_PLUGIN_SIGNUP_ACCOUNT";"Create Account"
"ADMIN_SIGNUP_STEP_USER_PLUGIN_SIGNUP_FIELDS";"Create Profile"
"ADMIN_SIGNUP_STEP_USER_PLUGIN_SIGNUP_PHOTO";"Add Your Photo"
"ADMIN_SIGNUP_STEP_USER_PLUGIN_SIGNUP_INVITE";"Invite Your Friends"
"USER_ADMIN_SETTINGS_FACEBOOK_DESCRIPTION";"You can now integrate SocialEngine
to Facebook. To do so, create an Application through the
<a href=""%1$s"" target=""_blank"">Facebook Developers</a> page."
"USER_ADMIN_SETTINGS_TWITTER_DESCRIPTION";"SocialEngine X log in and sign up integration. To enable, please create an Application through the <a href=""%1$s"" target=""_blank"">X Developers</a> page. Please use the following Callback URL: %2$s"

"Please make sure the ""password"" and ""password again"" fields match.";"Please make sure the ""password"" and ""password again"" fields match."

"I have read and agree to the <a target=""_blank"" href=""%s/help/terms"">terms of service</a>.";"I have read and agree to the <a target=""_blank"" href=""%s/help/terms"">terms of service</a>."
"Terms of Service";"Terms of Service"
"You must agree to the terms of service to continue.";"You must agree to the terms of service to continue."
"This will be the end of your username, for example: ";"This will be the end of your username, for example: "

"You are now friends with %s";"You are now friends with %s"
"You ignored %s's request to follow you";"You ignored %s's request to follow you"
"You ignored a friend request from %s";"You ignored a friend request from %s"
"You are now following this member.";"You are now following this member."
"You are now friends with this member.";"You are now friends with this member."

"Delete User";"Delete User"
"Are you sure you want to delete this user?";"Are you sure you want to delete this user?"
"Remove User";"Remove User"

"Edit Member";"Edit Member"
"You can change the details of this member's account here.";"You can change the details of this member's account here."

"Enabled?";"Enabled?"
"Verified?";"Verified?"
"Approved";"Approved"
"Not Approved";"Not Approved"
"Search";"Search"

"Friendship Settings";"Friendship Settings"
"USER_FORM_ADMIN_SETTINGS_FRIENDS_DESCRIPTION";"Facilitating relationships between members is essential to building a successful social network. There are several different types of connections that can exist between members. Use this page to determine how members will associate with each other. Note that although we refer to these relationships as ""friendships"" in this control panel, you should use a word that best fits with your social network's theme. For example, if you are running a business-oriented social network, you may want to change this word to ""connections""."

"Who Can Become Friends";"Who Can Become Friends"
"USER_FORM_ADMIN_SETTINGS_ELIGIBLE_DESCRIPTION";"Do you want to enable user friendship functionality on your website? Note that if you select ""no"", none of the other settings on this page will apply."

"All Members";"All Members"
"Only members in their networks";"Only members in their networks"
"No one";"No one"
"Friendship Direction";"Friendship Direction"
"USER_FORM_ADMIN_SETTINGS_DIRECTION_DESCRIPTION";"Your social network can allow either one-way or two-way friendships. The default setting is two-way friendships as this is typical for most social networks. One-way friendships mean that when MemberA adds MemberB, MemberB will appear on MemberA's friend list but NOT the reverse."
"Two-way Friendships";"Two-way Friendships"
"One-way Friendships";"One-way Friendships"

"Friendship Verification";"Friendship Verification"
"USER_FORM_ADMIN_SETTINGS_VERIFICATION_DESCRIPTION";"Your social network can allow either verified or unverified friendship requests. The default setting is verified friendship requests as this is typical for most social networks. Unverified friendship requests mean that when MemberA adds MemberB as a friend, MemberA and MemberB will immediately become friends without any confirmation."
"Verified Friendships";"Verified Friendships"
"Unverified Friendships";"Unverified Friendships"

"Friend Lists";"Friend Lists"
"USER_FORM_ADMIN_SETTINGS_LISTS_DESCRIPTION";"Using friend lists, your members can organize their friends under various labels that they create. They can then use these lists to send messages to multiple friends and customize their privacy settings."
"Yes, users can group their friends into lists";"Yes, users can group their friends into lists"
"No, do not allow friend lists";"No, do not allow friend lists"
"Specify what privacy options will be available to members in this level.";"Specify what privacy options will be available to members in this level."

"Allow Blocking Other Members";"Allow Blocking Other Members"
"USER_FORM_ADMIN_SETTINGS_LEVEL_BLOCK_DESCRIPTION";"If set to ""yes"", members can block other members from sending them private messages, requesting their friendship, and viewing their profile. This helps fight spam and network abuse."
"Can this member level be blocked?";"Can this member level be blocked?"
"USER_FORM_ADMIN_SETTINGS_MEMBERLEVEL_BLOCK_DESCRIPTION";"Do you want to allow other users to block members of this member level? If you choose No, then members of this member level can not be blocked by any member on your site. You can use this feature to disable blocking of admins, super admins, moderators, of any other member level as per your requirements."
"Profile Viewing Options";"Profile Viewing Options"
"USER_FORM_ADMIN_SETTINGS_LEVEL_AUTHVIEW_DESCRIPTION";"Your members can choose from any of the options checked below when they decide who can see their profile. If you do not check any options, settings will default to the last saved configuration. If you select only one option, members of this level will not have a choice."

"Profile Commenting Options";"Profile Posting Options"
"USER_FORM_ADMIN_SETTINGS_LEVEL_AUTHCOMMENT_DESCRIPTION";"Your members can choose from any of the options checked below when they decide who can post on their profile. If you do not check any options, settings will default to the last saved configuration. If you select only one option, members of this level will not have a choice."
"Allow username changes?";"Allow username changes?"
"USER_FORM_ADMIN_SETTINGS_LEVEL_USERNAME_DESCRIPTION";"If set to ""yes"", members will have the option of changing their username. If usernames are not enabled, this setting has no effect."

"Allow messaging?";"Allow messaging?"
"USER_FORM_ADMIN_SETTINGS_LEVEL_MESSAGESAUTH_DESCRIPTION";"Do you want to allow members to message each other?"
"Disable messaging";"Disable messaging"

"Use editor for messaging?";"Use editor for messaging?"
"USER_FORM_ADMIN_SETTINGS_LEVEL_MESSAGEEDITOR_DESCRIPTION";"You can choose to use an editor to help format and add media to your messages or use the default plain textbox with buttons to add media and share when allowed."
"Editor";"Editor"
"Plain Text";"Plain Text"

"Allow account deletion?";"Allow account deletion?"
"If set to ""yes"", members will have the option of deleting their accounts.";"If set to ""yes"", members will have the option of deleting their accounts."

"Enable Profile Address?";"Enable Profile Address?"
"USER_FORM_ADMIN_SIGNUP_USERNAME_DESCRIPTION";"If you have selected YES, members will be given the option of choosing a unique username. If you have selected NO, their user id will be used in the URL instead. This username is also their username which is displayed in the Manage Members section for each user."
"Yes, allow members to choose a username.";"Yes, allow members to choose a username."
"No, do not allow username.";"No, do not allow username."

"Auto-approve Members";"Auto-approve Members"
"USER_FORM_ADMIN_SIGNUP_APPROVE_DESCRIPTION";"If you have selected YES, members will automatically be enabled when they signup. If you have selected NO, you will need to manually enable members through the Manage Members page. Members that are not enabled can not login. Note: This setting does not work with the Phone Number sign up. Members who will sign up with the Phone Number will automatically be enabled."
"Yes, enable members upon signup.";"Yes, enable members upon signup."
"No, do not enable members upon signup.";"No, do not enable members upon signup."

"Yes, make members agree to your terms of service on signup.";"Yes, make members agree to your terms of service on signup."
"No, members will not be shown a terms of service checkbox on signup.";"No, members will not be shown a terms of service checkbox on signup."
"USER_FORM_ADMIN_SIGNUP_TERMS_DESCRIPTION";"Require members to agree to your terms of service?  You can modifying your terms of service by editing the _CORE_TERMS_OF_SERVICE language variable in the application/languages/en/core.csv file."

"USER_FORM_ADMIN_SIGNUP_NOTIFYEMAIL_DESCRIPTION";"Send Admin and email when a new user signs up? If set to YES, admin will be recieve an email with information about new user."

"USER_FORM_ADMIN_SIGNUP_INVITEONLY_DESCRIPTION";"Do you want to turn off public signups and only allow invited members to signup? If yes, you can choose to have either admins and members invite new members, or just admins. If set to yes, an invite code will be required on the signup page.  Note that if you choose to allow only admins to invite new members then the 'Invite Your Friends' signup step will be disabled, even if you have enabled it elsewhere."
"Yes, admins and members must invite new members before they can signup.";"Yes, admins and members must invite new members before they can signup."
"Yes, admins must invite new members before they can signup.";"Yes, admins must invite new members before they can signup."
"No, disable the invite only feature.";"No, disable the invite only feature."

"Empty";"Empty"
"USER_FORM_ADMIN_SIGNUP_CHECKEMAIL_DESCRIPTION";"Should each invite code be bound to each invited email address? If set to NO, anyone with a valid invite code can signup regardless of their email address. If set to YES, anyone with a valid invite code that matches an email address that was invited can signup."
"Yes, check that a member's email address was invited.";"Yes, check that a member's email address was invited."
"No, anyone with an invite code can signup.";"No, anyone with an invite code can signup."
"Terms of Service";"Terms of Service"
"Step %d: Invite Your Friends";"Step %d: Invite Your Friends"
"Invite Friends";"Invite Friends"
"USER_FORM_ADMIN_SIGNUP_FIELDS_ENABLE_DESCRIPTION";"Do you want members to invite their friends during the signup process?  Note that this setting will be ignored if you've chosen to limit invitation privileges to admins only."
"Yes, include the ""Invite Friends"" step during signup.";"Yes, include the ""Invite Friends"" step during signup."
"No, do not include this step.";"No, do not include this step."
"Forgot Password";"Forgot Password"
"USER_FORM_AUTH_FORGOT_DESCRIPTION";"If you cannot login because you have forgotten your password, please enter your email address in the field below."
"USER_FORM_AUTH_FACEBOOK_NOACCOUNT";"Your Facebook login was accepted, but no linked account was found. Would you like to <a href=""%s"">create an account</a>?<br>You may also log in to an existing account below, then link your Facebook account in the <a href=""%2$s"">Settings</a> page."
"Send Email";"Send Email"
"Reset password?";"Reset password?"
"Confirm new password";"Confirm new password"
"Reset Password";"Reset Password"
"Facebook Integration";"Facebook Integration"
"Integrate with my Facebook";"Integrate with my Facebook"

"USER_VIEWS_SCRIPTS_ADMINMANAGE_INDEX_DESCRIPTION";"The members of your social network are listed here. If you need to search for a specific member, enter your search criteria in the fields below."
"Are you sure you want to delete the selected user accounts?";"Are you sure you want to delete the selected user accounts?"

"Manage Members";"Manage Members"
"%s member found";"%s member found";"%s members found"
"Are you sure you want to delete the selected user accounts?";"Are you sure you want to delete the selected user accounts?"
"User Level";"User Level"

"Member Settings";"Member Settings"
"Member Signup Process";"Member Signup Process"
"USER_VIEWS_SCRIPTS_ADMINSIGNUP_INDEX_DESCRIPTION";"When new members sign up, they are led through a step-by-step process that helps them create an account and fill out their profile. You can customize most aspects of this sign-up process here. On the left, there is a list of steps that make up the sign-up process. You can change the order of these steps by clicking on the arrows and dragging up or down."

"USER_VIEWS_SCRIPTS_AUTH_FORGOT_DESCRIPTION";"Your code has been successfully validated. Please wait a moment, and you will be redirected to the password reset page."
"Your password has been reset. Click %s to sign-in.";"Your password has been reset. Click %s to sign-in."
"OK, thanks!";"OK, thanks!"
"Your account has been verified.  Please click %s to login, or wait to be redirected.";"Your account has been verified.  Please click %s to login, or wait to be redirected."
"Linking your Facebook account will give you access to use your Facebook account to log in.";"Linking your Facebook account will give you access to use your Facebook account to log in."
"Linking your Facebook account will give you access to use your Facebook account to log in and publish to your Facebook account.";"Linking your Facebook account will give you access to use your Facebook account to log in and publish to your Facebook account."
# widget: core.menu-mini
"Updates";"Updates"
"Admin";"Admin"
"My Profile";"My Profile"
"Messages";"Messages"
"Settings";"Settings"
"Sign Out";"Sign Out"
"Sign In";"Sign In"
"Sign Up";"Sign Up"

"USER_VIEWS_SCRIPTS_ADMINLOGINS_INDEX_DESCRIPTION";"This page contains a list of recent login attempts. Use this page to observe suspicious login attempts to your social network."

# widget: core.menu-footer
"Copyright &copy;%s";"Copyright &copy;%s"
"Privacy";"Privacy"
"Terms of Service";"Terms of Service"
"Contact";"Contact"

# widget: core.statstics
"Network Stats";"Network Stats"

# widget: user.list-online
"%s Members Online";"%s Member Online";"%s Members Online"

# widget: user.list-popular
"Popular Members";"Popular Members"

# widget: user.list-signups
"Newest Members";"Newest Members"

# widget: user.home-links
"View Recent Updates";"View Recent Updates"
"View My Profile";"View My Profile"
"Edit My Profile";"Edit My Profile"
"Browse Members";"Browse Members"

# widget: activity.feed
"What's New";"What's New"

# widgets: (various user profile)
"Info";"Info"

# fields (default)
"Profile Type";"Profile Type"
"Profile Type:";"Profile Type:"
"Regular Member";"Regular Member"
"Personal Information";"Personal Information"
"First Name";"First Name"
"Last Name";"Last Name"
"Gender";"Gender"
"Male";"Male"
"Female";"Female"
"Birthday";"Birthday"
"Birthdate";"Birthdate"
"Contact Information";"Contact Information"
"Website";"Website"
"Facebook";"Facebook"
"X";"X"
"Personal Details";"Personal Details"
"AIM";"AIM"
"About Me";"About Me"
"Interests";"Interests"
"Age";"Age"

# admin (misc)
"Username";"Username"
"Email";"Email"
"Level";"Level"
"Superadmins";"Super Admins"
"Signup Date";"Signup Date"

"Step %d:  Add Your Photo";"Step %d:  Add Your Photo"
"Step %d: Create Profile";"Step %d: Create Profile"
"USER_FORM_ADMIN_SIGNUP_FIELDS_DESCRIPTION";"In the next step of the signup process the member will fill out their profile field information.  Click <a href='%s'>here</a> to edit field settings."

"Yes, include the ""Invite Friends"" step during signup.";"Yes, include the ""Invite Friends"" step during signup."
"_ACTIVITY_ACTIONTYPE_TAGGED";"Tagged"
"_ACTIVITY_ACTIONTYPE_COMMENT_USER";"Comments on your profile"
"ACTIVITY_CATEGORY_TYPE_USER";"General"

"ADMIN_ACTIVITY_TYPE_COMMENT_USER";"When a user (subject) comments on another user's profile."

"You are now friends with this member.";"You are now friends with this member."
"You are now following this member.";"You are now following this member."

"Welcome! A verification message has been sent to your email address with instructions on how to activate your account. Once you have clicked the link provided in the email and we have approved your account, you will be able to sign in.";"Welcome! A verification message has been sent to your email address with instructions on how to activate your account. Once you have clicked the link provided in the email and we have approved your account, you will be able to sign in."
"Welcome! A verification message has been sent to your email address with instructions for activating your account. Once you have activated your account, you will be able to sign in.";"Welcome! A verification message has been sent to your email address with instructions for activating your account. Once you have activated your account, you will be able to sign in."
"Welcome! Once we have approved your account, you will be able to sign in.";"Welcome! Once we have approved your account, you will be able to sign in."

"ITEM_TYPE_USER";"Members"

"Select the city closest to you that shares your same timezone.";"Select the city closest to you that shares your same timezone."
"Display Name";"Display Name"
"login";"login"

"Login or Signup";"Login or Signup"
"Online Users";"Online Users"
"Profile Fields";"Profile Fields"
"Profile Friends";"Profile Friends"
"Profile Info";"Profile Info"
"Profile Mutual Friends";"Profile Mutual Friends"
"Profile Options";"Profile Options"
"Profile Status";"Profile Status"
"Profile Tags";"Profile Tags"
"Quick Links";"Quick Links"
"Recent Signups";"Recent Signups"
"User Photo";"User Photo"
"Save Position";"Save Position"
"Upload Cover Photo";"Upload Cover Photo"
"Choose a cover photo.";"Choose a cover photo."
"Delete Cover Photo?";"Delete Cover Photo?"
"Are you sure you want to delete this cover photo?";"Are you sure you want to delete this cover photo?"
"Reposition";"Reposition"
"Remove Cover Photo";"Remove Cover Photo"
"Choose from Albums";"Choose from Albums"

"Remove from Friends";"Remove from Friends"
"Approve Selected";"Approve Selected"

"Member Home Quick Links Menu";"Member Home Quick Links Menu"
"Member Profile Options Menu";"Member Profile Options Menu"
"Member Edit Profile Navigation Menu";"Member Edit Profile Navigation Menu"
"Member Settings Navigation Menu";"Member Settings Navigation Menu"

"This account still requires either email verification or admin approval.";"This account still requires either email verification or admin approval."
"Click <a href=""%s"">here</a> to resend the email.";"Click <a href=""%s"">here</a> to resend the email."


# notification types
"{item:$subject} has posted on your {item:$object:profile}.";"{item:$subject} has posted on your {item:$object:profile}."
"You and {item:$subject} are now friends.";"You and {item:$subject} are now friends."
"{item:$subject} has requested to be your friend.";"{item:$subject} has requested to be your friend."
"{item:$subject} tagged you in a {item:$object:$label}.";"{item:$subject} tagged you in a {item:$object:$label}."


# mail templates

# user_account_approved
"_EMAIL_USER_ACCOUNT_APPROVED_TITLE";"Member Account Approved"
"_EMAIL_USER_ACCOUNT_APPROVED_DESCRIPTION";"This is the email that gets sent to a member when their account is approved by an admin."
"_EMAIL_USER_ACCOUNT_APPROVED_SUBJECT";"Your account has been approved."
"_EMAIL_USER_ACCOUNT_APPROVED_BODY";"[header]

Your account has been approved by an administrator. Please click the following link to sign in:

http://[host][object_link]

[footer]"

# notify_friend_accepted
"_EMAIL_NOTIFY_FRIEND_ACCEPTED_TITLE";"Friend Approved"
"_EMAIL_NOTIFY_FRIEND_ACCEPTED_DESCRIPTION";"This is the email that gets sent to a member when their friendship request have been approved."
"_EMAIL_NOTIFY_FRIEND_ACCEPTED_SUBJECT";"[sender_title] has approved you as a friend."
"_EMAIL_NOTIFY_FRIEND_ACCEPTED_BODY";"[header]

[sender_title] has approved you as a friend. Please click the following link to sign in:

http://[host][object_link]

[footer]"

# notify_friend_request
"_EMAIL_NOTIFY_FRIEND_REQUEST_TITLE";"Friend Request"
"_EMAIL_NOTIFY_FRIEND_REQUEST_DESCRIPTION";"This is the email that gets sent to a member when they are requested to be a friend by another member."
"_EMAIL_NOTIFY_FRIEND_REQUEST_SUBJECT";"[sender_title] has added you as a friend."
"_EMAIL_NOTIFY_FRIEND_REQUEST_BODY";"[header]

[sender_title] has added you as a friend. Please click the following link to sign in and confirm this friendship request:

http://[host][sender_link]

[footer]"

# notify_post_user
"_EMAIL_NOTIFY_POST_USER_TITLE";"Post on Profile"
"_EMAIL_NOTIFY_POST_USER_DESCRIPTION";"This email is sent to the member when someone has posted something on the member's profile."
"_EMAIL_NOTIFY_POST_USER_SUBJECT";"[sender_title] has posted on your profile"
"_EMAIL_NOTIFY_POST_USER_BODY";"[header]

[sender_title] has posted something on your profile. Please click the following link to view it.

http://[host][object_link]

[footer]"

# notify_tagged
"_EMAIL_NOTIFY_TAGGED_TITLE";"When someone tags you in photos."
"_EMAIL_NOTIFY_TAGGED_DESCRIPTION";"This email is sent to the member when someone tags them."
"_EMAIL_NOTIFY_TAGGED_SUBJECT";"You have Been Tagged"
"_EMAIL_NOTIFY_TAGGED_BODY";"[header]

You have been tagged in a [object_type_name]. Please click the following link to view it:

http://[host][object_link]

[footer]"

"Send Invites";"Send Invites"
"Send a friend request if the user(s) join(s) the network";"Send a friend request if the user(s) join(s) the network"
"Thanks for joining!";"Thanks for joining!"

"Linking your Facebook account will let you login with Facebook";"Linking your Facebook account will let you login with Facebook"
"Linking your Facebook account will let you login with Facebook and publish content to your Facebook wall.";"Linking your Facebook account will let you login with Facebook and publish content to your Facebook wall."

"Profile Information";"Profile Information"
"Add Your Photo";"Add Your Photo"

"Approve Friend Request";"Approve Friend Request"
"Available Networks";"Available Networks"
"There are currently no avaliable networks to join.";"There are currently no avaliable networks to join."
"There are no networks containing that keyword.";"There are no networks containing that keyword."
"Leaving Network...";"Leaving Network..."
"Joining Network...";"Joining Network..."
"Start typing to filter...";"Start typing to filter..."

"_EMAIL_NOTIFY_ADMIN_SIGNUP";"Admin signup notification"
"_EMAIL_NOTIFY_ADMIN_SIGNUP_DESCRIPTION";"This email is sent to the admin when an new member joins when ""Auto-approve Members"" is disabled."
"_EMAIL_NOTIFY_ADMIN_SIGNUP_SUBJECT";"A new user is pending your approval"
"_EMAIL_NOTIFY_ADMIN_SIGNUP_BODY";"[header]

Please login to the admin panel to aprovie this user.

[footer]"

"This account still requires admin approval.";"This account still requires admin approval."
"Your account has been verified. Please wait to be redirected or click %s to login.";"Your account has been verified. Please wait to be redirected or click %s to login."
"Browser cookies are required to login.";"Browser cookies are required to login."

"Single";"Single"
"In a Relationship";"In a Relationship"
"Engaged";"Engaged"
"Married";"Married"
"It's Complicated";"It's Complicated"
"In an Open Relationship";"In an Open Relationship"
"Widowed";"Widowed"
"Facebook account you're trying to connect is already connected to another account.";"Facebook account you're trying to connect is already connected to another account."
"Super Admins can't be deleted.";"Super Admins can't be deleted."

"Accept Request";"Accept Request"
"History has been cleared.";"History has been cleared."
"Your changes have been saved.";"Your changes have been saved."
"Save Photo";"Save Photo"
"%s (you)";"%s (you)"
"Special Characters Allowed !#$%&*-?@^";"Special Characters Allowed !#$%&*-?@^"
"6 characters";"6 characters"
"1 uppercase";"1 uppercase"
"1 lowercase";"1 lowercase"
"1 number";"1 number"
"1 special";"1 special"

"_EMAIL_USER_OTP_TITLE";"Two Step Authentication"
"_EMAIL_USER_OTP_DESCRIPTION";"This email is sent to members of your site when they are signing up to verify 2 step authentication via email."
"_EMAIL_USER_OTP_SUBJECT";"Social Network - Two Step Authentication"
"_EMAIL_USER_OTP_BODY";"[header]

Verify your email address by using the below verification code and continue. It will expire in 1 hour.
Verification Code: [code]

[footer]"

#user_deleteotp
"_EMAIL_USER_DELETEOTP_TITLE";"Two Step Authentication for Account Deletion"
"_EMAIL_USER_DELETEOTP_DESCRIPTION";"This email is sent to members of your site when they are deleting their account to verify 2 step authentication via email."
"_EMAIL_USER_DELETEOTP_SUBJECT";"Social Network - Two Step Authentication for Account Deletion"
"_EMAIL_USER_DELETEOTP_BODY";"[header]

For deleting your account, verify your email address by using the below verification code and continue. It will expire in 1 hour.
Verification Code: [code]

[footer]"

# notify_abuse_report
"_EMAIL_ABUSE_REPORT_TITLE";"Abuse Report Notification"
"_EMAIL_ABUSE_REPORT_DESCRIPTION";"This is the email that gets sent to Admin if anyone reports on the site."
"_EMAIL_ABUSE_REPORT_SUBJECT";"Abuse Report on the Social Network"
"_EMAIL_ABUSE_REPORT_BODY";"[header]

[sender_name] has reported on the site. Please click the following link to take the appropriate action:

[admin_link]

[footer]"

"ACTIVITY_TYPE_ABUSE_REPORT";"When people report anything on the site."
"_EMAIL_ABUSE_REPORT_TITLE";"Abuse Report Notification"

"ADMIN_ACTIVITY_TYPE_COVER_PHOTO_UPDATE";"When a user (subject) updates their profile cover photo."

"Enter Details to Login";"Enter Details to Login"

"Enter security code";"Enter security code"
"Enter Verification Code";"Enter Verification Code"

"Member Level:";"Member Level:"
"Last Login:";"Last Login:"
"Profile Type:";"Profile Type:"

"Do you want to logout from all other devices.";"Do you want to logout from all other devices."


"Birthday Privacy Setting";"Birthday Privacy Setting"
"How to show your Birthday?";"How to show your Birthday?"
"Month/Day";"Month/Day"
"Month/Day/Year";"Month/Day/Year"
"Birthday Privacy Setting Options";"Birthday Privacy Setting Options"
"Your members can choose from any of the options checked below that in which way they want to show their birthday. If you do not check any options, settings will default to the last saved configuration. If you select only one option, members of this level will not have a choice.";"Your members can choose from any of the options checked below that in which way they want to show their birthday. If you do not check any options, settings will default to the last saved configuration. If you select only one option, members of this level will not have a choice."
"Last Login Date";"Last Login Date"
"Last Update Date";"Last Update Date"
"Name of Invitee";"Name of Invitee"
"Joined Date";"Joined Date"
"Friends Count";"Friends Count"
"Show Last Update Date in Member Profile?";"Show Last Update Date in Member Profile?"
"Do you want to show last update date in member profile?";"Do you want to show last update date in member profile?"

"Show Invitee Name in Member Profile?";"Show Invitee Name in Member Profile?"
"Do you want to show invitee name in member profile?";"Do you want to show invitee name in member profile?"

"Show Profile Type in Member Profile?";"Show Profile Type in Member Profile?"
"Do you want to show profile type in member profile?";"Do you want to show profile type in member profile?"

"Show Member Level in Member Profile?";"Show Member Level in Member Profile?"
"Do you want to show member level in member profile?";"Do you want to show member level in member profile?"

"Show Profile View in Member Profile?";"Show Profile View in Member Profile?"
"Do you want to show profile view in member profile?";"Do you want to show profile view in member profile?"

"Show Joined Date in Member Profile?";"Show Joined Date in Member Profile?"
"Do you want to show joined date in member profile?";"Do you want to show joined date in member profile?"

"USER_FORM_ADMIN_SETTINGS_LEVEL_FRIENDSCOUNT_DESCRIPTION";"Your members can choose from any of the options checked below when they decide who can see their friends count. If you do not check any options, settings will default to the last saved configuration. If you select only one option, members of this level will not have a choice."

"Show Friends Count in Member Profile?";"Show Friends Count in Member Profile?"
"Do you want to show friends count in member profile?";"Do you want to show friends count in member profile?"

#user_changeemailotp
"_EMAIL_USER_CHANGEEMAILOTP_TITLE";"Two Step Authentication for Account Email Change"
"_EMAIL_USER_CHANGEEMAILOTP_DESCRIPTION";"This email is sent to members of your site when they are change their email to verify 2 step authentication via email."
"_EMAIL_USER_CHANGEEMAILOTP_SUBJECT";"Social Network - Two Step Authentication for Account Email Change"
"_EMAIL_USER_CHANGEEMAILOTP_BODY";"[header]

For changing email of your account, verify your email address by using the below verification code and continue. It will expire in 1 hour.
Verification Code: [code]

[footer]"

"Edit Email Address";"Edit Email Address"
"Enter your new email below.";"Enter your new email below."
"Verification Code";"Verification Code"
"We\'ve sent a verification code in an email to %s. Enter the verification code to proceed further.";"We\'ve sent a verification code in an email to %s. Enter the verification code to proceed further."
"Send Verification Code";"Send Verification Code"

"A verification code has been sent to your email account.";"A verification code has been sent to your email account."
"Please copy the verification code that has just been sent to your email account and paste in the field below to verify your email and continue the registration process.";"Please copy the verification code that has just been sent to your email account and paste in the field below to verify your email and continue the registration process."
"The minimum height is 400px. If your image is under this height, it will not be able to be repositioned.";"The minimum height is 400px. If your image is under this height, it will not be able to be repositioned."


"Enable Two Step Authentication?";"Enable Two Step Authentication?"
"If you have selected YES, members will receive a code on their registered mail id and have to enter that code for verify their email address during signup process. If you have selected NO, then they can directly signup by filling the required form. If Facebook login is enabled, this setting is bypassed for Facebook registrations.";"If you have selected YES, members will receive a code on their registered mail id and have to enter that code for verify their email address during signup process. If you have selected NO, then they can directly signup by filling the required form. If Facebook login is enabled, this setting is bypassed for Facebook registrations."
"Yes, allow to receive code for verification";"Yes, allow to receive code for verification"
"No, do not enable two step authentication";"No, do not enable two step authentication"
"Not a Member? <b>Join</b>";"Not a Member? <b>Join</b>"


"Your members will be asked to provide some information about themselves when joining the community or editing their profile. Create some profile questions that allow them to describe themselves in a way that relates to the theme of your community. To reorder the profile questions, click on their names and drag them up or down. If you want to show different sets of questions to different types of members, you can create multiple ""profile types"". This is useful, for example, if you want your community to have ""fans"" and ""musicians"", each with a different set of profile questions.<br /> You can allow your members to change their profile types from <a href=""admin/authorization/level"">Member Level Settings</a>. You can also change individual user''s profile type from <a href="admin/user/manage"">Manage Members</a> settings.";"Your members will be asked to provide some information about themselves when joining the community or editing their profile. Create some profile questions that allow them to describe themselves in a way that relates to the theme of your community. To reorder the profile questions, click on their names and drag them up or down. If you want to show different sets of questions to different types of members, you can create multiple ""profile types"". This is useful, for example, if you want your community to have ""fans"" and ""musicians"", each with a different set of profile questions.<br /> You can allow your members to change their profile types from <a href=""admin/authorization/level"">Member Level Settings</a>. You can also change individual user''s profile type from <a href="admin/user/manage"">Manage Members</a> settings."

"Map with Member Level";"Map with Member Level"
"Editing Profile Type:";"Editing Profile Type:"

"Step 1: Create Account";"Step 1: Create Account"
"Yes, verify email address and send welcome email.";"Yes, verify email address and send welcome email."
"Notify Admin by email when user signs up?";"Notify Admin by email when user signs up?"
"Yes, notify admin by email.";"Yes, notify admin by email."
"No, do not notify admin by email.";"No, do not notify admin by email."
"Invite Only?";"Invite Only?"
"Check Invite Email?";"Check Invite Email?"
"Save Changes";"Save Changes"
"%1$s: Create Profile";"%1$s: Create Profile"
"%1$s: Invite Your Friends";"%1$s: Invite Your Friends"

"Show Username as Display Name";"Show Username as Display Name"
"Do you want to show the username as the display name of users instead of their first name and last name? If you choose Yes, this username will be displayed for the user everyplace the user''s name is shown. If you choose No, the First Name and Last Name configured for their profile will display everyplace the user''s name is shown.";"Do you want to show the username as the display name of users instead of their first name and last name? If you choose Yes, this username will be displayed for the user everyplace the user''s name is shown. If you choose No, the First Name and Last Name configured for their profile will display everyplace the user''s name is shown."

"<b>Note:</b> Please make sure to place ''Create Profile'' & ''Two Step Authentication'' after ''Create Account'' for the proper functioning of the signup process steps.";"<b>Note:</b> Please make sure to place ''Create Profile'' & ''Two Step Authentication'' after ''Create Account'' for the proper functioning of the signup process steps."

"This page displays user verification requests submitted by members on your site. If you need to search for a specific member, enter your search criteria in the fields below. </br />Note: You will receive verification requests only if you have enabled users to request verification for at least one member level on your site.";"This page displays user verification requests submitted by members on your site. If you need to search for a specific member, enter your search criteria in the fields below. </br />Note: You will receive verification requests only if you have enabled users to request verification for at least one member level on your site."
"Profile Type (Note: Once you choose to change this user''s profile type, the data associated with the previous profile type will be lost and user will have to fill profile data again.)";"Profile Type (Note: Once you choose to change this user''s profile type, the data associated with the previous profile type will be lost and user will have to fill profile data again.)"

"Profile Type (Note: Once you choose to change this user''s profile type, the data associated with the previous profile type will be lost and user will have to fill profile data again.)";"Profile Type (Note: Once you choose to change this user''s profile type, the data associated with the previous profile type will be lost and user will have to fill profile data again.)"
"Choose a new Profile Type for your profile. Once you choose change your profile type, the data of your current profile type will be lost.";"Choose a new Profile Type for your profile. Once you choose change your profile type, the data of your current profile type will be lost."
"Are you sure you want to change your Profile Type? Your current profile data will not be recovered once deleted.";"Are you sure you want to change your Profile Type? Your current profile data will not be recovered once deleted."

"Edit Profile Type";"Edit Profile Type"
"Are you sure you want to change Profile Type of this user? Once you change the profile type, the data of this member''s current profile type will be lost and will not be recovered once deleted.";"Are you sure you want to change Profile Type of this user? Once you change the profile type, the data of this member''s current profile type will be lost and will not be recovered once deleted."
"Do you also want to update the Member Level of this member based on mapping with selected Profile Type?";"Do you also want to update the Member Level of this member based on mapping with selected Profile Type?"
"Last Login Date";"Last Login Date"
"Logged In";"Logged In"
"Your verification request has been successfully submitted.";"Your verification request has been successfully submitted."
"Verification request cancelled successfully.";"Verification request cancelled successfully."
"Request Verification";"Request Verification"
"Are you sure you want to request for verification of your profile? Also, include a message to support your verification request.";"Are you sure you want to request for verification of your profile? Also, include a message to support your verification request."
"Message (optional):";"Message (optional):"
"Cancel Request";"Cancel Request"
"Are you sure you want to cancel this verification request? You'll need to reapply if canceled.";"Are you sure you want to cancel this verification request? You'll need to reapply if canceled."
"Approve Verification Request";"Approve Verification Request"
"Are you sure you want to approve verification request by this user?";"Are you sure you want to approve verification request by this user?"
"Reject Verification Request";"Reject Verification Request"
"Are you sure you want to reject verification request by this user?";"Are you sure you want to reject verification request by this user?"
"Cancel This Subscription?";"Cancel This Subscription?"
"Are you sure you want to cancel your verification subscription? You''ll need to reapply if canceled.";"Are you sure you want to cancel your verification subscription? You''ll need to reapply if canceled."
"Verification Subscription cancelled successfully.";"Verification Subscription cancelled successfully."
"Note: You will be able to edit <a href='admin/user/fields' target='_blank'>Profile Types</a> of members only if there are more than 1 profile type on your site excluding Admin & Super Admin profile types.";"Note: You will be able to edit <a href='admin/user/fields' target='_blank'>Profile Types</a> of members only if there are more than 1 profile type on your site excluding Admin & Super Admin profile types."

"Verification code sent successfully. Please check your email.";"Verification code sent successfully. Please check your email."
"PAGETITLE-USER-MANAGE-IMPORTS-ADMIN-MANAGE";"Bulk Import Members Using CSV File"
"PAGETITLE-USER-ADD-NEW-USER-ADMIN-MANAGE";"Add New User"
"PAGETITLE-USER-VERIFICATION-REQUESTS-ADMIN-MANAGE";"Manage Verification Requests"
"pagetitle-user-profile-edit";"Personal Info"
"pagetitle-user-photo-edit";"Edit My Photo"
"pagetitle-user-style-edit";"Profile Style"
"pagetitle-user-profile-photos-edit";"Delete Profile Photos"
"pagetitle-user-general-settings";"General"
"pagetitle-user-privacy-settings";"Privacy"
"pagetitle-user-notifications-settings";"Notifications"
"pagetitle-user-emails-settings";"Emails"
"pagetitle-user-password-settings";"Change Password"
"pagetitle-user-network-settings";"Networks"
"pagetitle-invite-manage-invites-settings";"Manage Invites"
"pagetitle-invite-index-index";"Invite Your Friends"
"pagetitle-user-tickets-settings";"Support Inbox"
"pagetitle-payment-index-settings";"Membership Subscription"
"pagetitle-payment-verification-settings";"Verification"
"pagetitle-user-delete-settings";"Delete Account"
"pagetitle-payment-transaction-settings";"Transaction History"
"pagetitle-user-manage-settings";"Support Message"
"PAGETITLE-USER-GOOGLE-ADMIN-SETTINGS";"Google Integration"
"PAGETITLE-USER-LINKEDIN-ADMIN-SETTINGS";"LinkedIn Integration"
"PAGETITLE-USER-TELEGRAM-ADMIN-SETTINGS";"Telegram Integration"

#content_approval


"ACTIVITY_TYPE_CONTENT_WAITINGAPPROVALFORADMIN";"When users create new content and has to wait for admin approval."
"ACTIVITY_TYPE_CONTENT_RESUBMITWAITAPPRFORADMIN";"When users resubmit content for approval and is waiting for admin approval."
"ACTIVITY_TYPE_CONTENT_WAITINGAPPROVALFOROWNER";"When my new content is waiting for admin approval."
"ACTIVITY_TYPE_CONTENT_APPROVEDBYADMIN";"When my content gets approved."
"ACTIVITY_TYPE_CONTENT_DISAPPROVEDBYADMIN";"When my content gets disapproved."
"ACTIVITY_TYPE_CONTENT_REJECTEDBYADMIN";"When my content gets rejected."
"ACTIVITY_TYPE_CONTENT_TICKETCREATE";"When members create new support tickets."
"ACTIVITY_TYPE_CONTENT_TICKETREPLY";"When I get reply on my support ticket."
"ACTIVITY_TYPE_CONTENT_NEWTICKETCREATE";"When admin creates a new ticket for me."

# CONTENT_APPROVEDBYADMIN
"_EMAIL_NOTIFY_CONTENT_APPROVEDBYADMIN_TITLE";"Content is Approved"
"_EMAIL_NOTIFY_CONTENT_APPROVEDBYADMIN_DESCRIPTION";"This email will be sent to member when their Content gets approved."
"_EMAIL_NOTIFY_CONTENT_APPROVEDBYADMIN_SUBJECT";"Congratulations your [content_text] has been approved."
"_EMAIL_NOTIFY_CONTENT_APPROVEDBYADMIN_BODY";"[header]

Congratulations '[owner_title]'!!! Your [content_text] '[object_title]' has been approved by the administrator. Click on the following link to view your [content_text]:

http://[host][object_link]

[footer]"


# CONTENT_REJECTEDBYADMIN
"_EMAIL_NOTIFY_CONTENT_REJECTEDBYADMIN_TITLE";"Content is Rejected"
"_EMAIL_NOTIFY_CONTENT_REJECTEDBYADMIN_DESCRIPTION";"This email will be sent to member when their Content gets rejected."
"_EMAIL_NOTIFY_CONTENT_REJECTEDBYADMIN_SUBJECT";"Your [content_text] has been rejected."
"_EMAIL_NOTIFY_CONTENT_REJECTEDBYADMIN_BODY";"[header]

Sorry '[owner_title]'!!! Your [content_text] '[object_title]' has been rejected by the administrator. Click on the following link to view your [content_text]:

http://[host][object_link]

[footer]"


# CONTENT_DISAPPROVEDBYADMIN
"_EMAIL_NOTIFY_CONTENT_DISAPPROVEDBYADMIN_TITLE";"Content is Disapproved"
"_EMAIL_NOTIFY_CONTENT_DISAPPROVEDBYADMIN_DESCRIPTION";"This email will be sent to member when their Content gets disapproved."
"_EMAIL_NOTIFY_CONTENT_DISAPPROVEDBYADMIN_SUBJECT";"Your [content_text] has been disapproved."
"_EMAIL_NOTIFY_CONTENT_DISAPPROVEDBYADMIN_BODY";"[header]

Sorry '[owner_title]'!!! Your [content_text] '[object_title]' has been disapproved by the administrator. Click on the following link to view your [content_text]:

http://[host][object_link]

[footer]"


# CONTENT_WAITINGAPPROVALFORADMIN
"_EMAIL_NOTIFY_CONTENT_WAITINGAPPROVALFORADMIN_TITLE";"New Content is Created and Waiting for Admin Approval - Mail to Admins"
"_EMAIL_NOTIFY_CONTENT_WAITINGAPPROVALFORADMIN_DESCRIPTION";"This email will be sent to the admin for approving new Content on the website."
"_EMAIL_NOTIFY_CONTENT_WAITINGAPPROVALFORADMIN_SUBJECT";"[sender_title] has create a new [content_text] and is waiting for approval."
"_EMAIL_NOTIFY_CONTENT_WAITINGAPPROVALFORADMIN_BODY";"[header]

[sender_title] has created a new [content_text] [object_title] on your website. Please take action to approve or reject the content approval request.

To visit the [content_text], click here: http://[host][object_link]

[footer]"


# CONTENT_RESUBMITWAITAPPRFORADMIN
"_EMAIL_NOTIFY_CONTENT_RESUBMITWAITAPPRFORADMIN_TITLE";"Content is resubmit again and Waiting for admin approval"
"_EMAIL_NOTIFY_CONTENT_RESUBMITWAITAPPRFORADMIN_DESCRIPTION";"This email will be sent to admin when member resubmit content for approval."
"_EMAIL_NOTIFY_CONTENT_RESUBMITWAITAPPRFORADMIN_SUBJECT";"[sender_title] has resubmitted [content_text] and is waiting for approval."
"_EMAIL_NOTIFY_CONTENT_RESUBMITWAITAPPRFORADMIN_BODY";"[header]

[sender_title] has resubmitted [content_text] [object_title] on your website. Please take action to approve or reject the content approval request.

To visit the [content_text], click here: http://[host][object_link]

[footer]"


# CONTENT_WAITINGAPPROVALFOROWNER
"_EMAIL_NOTIFY_CONTENT_WAITINGAPPROVALFOROWNER_TITLE";"New Content is Created and Waiting for Admin Approval - Mail to Members"
"_EMAIL_NOTIFY_CONTENT_WAITINGAPPROVALFOROWNER_DESCRIPTION";"This email will be sent to member when their Content is sent to admin for approval."
"_EMAIL_NOTIFY_CONTENT_WAITINGAPPROVALFOROWNER_SUBJECT";"Your [content_text] has been submitted for approval."
"_EMAIL_NOTIFY_CONTENT_WAITINGAPPROVALFOROWNER_BODY";"[header]

Your [content_text] '[object_title]' has been submitted for approval. You will be notified once it is approved or rejected.

http://[host][object_link]

[footer]"


# CONTENT_TICKETCREATE
"_EMAIL_NOTIFY_CONTENT_TICKETCREATE_TITLE";"Support Ticket Created by Members"
"_EMAIL_NOTIFY_CONTENT_TICKETCREATE_DESCRIPTION";"This email will be sent to the admin when member create a new support ticket."
"_EMAIL_NOTIFY_CONTENT_TICKETCREATE_SUBJECT";"New support ticket [ticket_subject] has been created."
"_EMAIL_NOTIFY_CONTENT_TICKETCREATE_BODY";"[header]

[ticket_description]

[object_link]

[footer]"


# CONTENT_TICKETREPLY
"_EMAIL_NOTIFY_CONTENT_TICKETREPLY_TITLE";"Support Ticket is Replied"
"_EMAIL_NOTIFY_CONTENT_TICKETREPLY_DESCRIPTION";"This email will be sent to members or admins when a support ticket is replied."
"_EMAIL_NOTIFY_CONTENT_TICKETREPLY_SUBJECT";"New reply on support ticket [ticket_subject] has been received."
"_EMAIL_NOTIFY_CONTENT_TICKETREPLY_BODY";"[header]

[ticket_description]

[object_link]

[footer]"


# CONTENT_NEWTICKETCREATE
"_EMAIL_NOTIFY_CONTENT_NEWTICKETCREATE_TITLE";"Support Ticket Created by Admin for Members"
"_EMAIL_NOTIFY_CONTENT_NEWTICKETCREATE_DESCRIPTION";"This email will be sent to the member when admin create a new support ticket on behalf of member."
"_EMAIL_NOTIFY_CONTENT_NEWTICKETCREATE_SUBJECT";"New support ticket [ticket_subject] has been created."
"_EMAIL_NOTIFY_CONTENT_NEWTICKETCREATE_BODY";"[header]

[ticket_description]

[object_link]

[footer]"
"Add New User";"Add New User"
"Here, you can add a new user to your site.";"Here, you can add a new user to your site."
"Bulk Import Members Using CSV File";"Bulk Import Members Using CSV File"
"Choose the .csv file to upload members in bulk on your site";"Choose the .csv file to upload members in bulk on your site"
"Below settings will apply to all the members imported via uploaded csv file.";"Below settings will apply to all the members imported via uploaded csv file."
"This page enables you to import Members on your website from CSV file. Please download the template file using the ""Download Template File"" button below. To start importing Members, click on the ""Import Members"" button.<br /><b>Notes:</b> See the points below and make sure the csv is created follows each one:<br />1. Do not add any new column in the downloaded template file.<br />2. The data in the file should be pipe (""|"") separated and in same ordering as that of the template file.<br />3. We recommend you to import 100 Members from the csv file at a time.<br />4. File must be in .csv format Only.<br />5. If you are adding fields- First Name, Last Name, Gender (Male/Female/Other), Birthdate (yyyy-mm-dd),  in csv file, then make sure you have added these fields in the profile type you will select while importing your csv file. This ensures that the data is properly mapped and not lost during the import process.<br />";"This page enables you to import Members on your website from CSV file. Please download the template file using the ""Download Template File"" button below. To start importing Members, click on the ""Import Members"" button.<br /><b>Notes:</b> See the points below and make sure the csv is created follows each one:<br />1. Do not add any new column in the downloaded template file.<br />2. The data in the file should be pipe (""|"") separated and in same ordering as that of the template file.<br />3. We recommend you to import 100 Members from the csv file at a time.<br />4. File must be in .csv format Only.<br />5. If you are adding fields- First Name, Last Name, Gender (Male/Female/Other), Birthdate (yyyy-mm-dd),  in csv file, then make sure you have added these fields in the profile type you will select while importing your csv file. This ensures that the data is properly mapped and not lost during the import process.<br />"
"Generate Password";"Generate Password"
"Copy Password";"Copy Password"
"Password copied successfully.";"Password copied successfully."
"Ticket ID";"Ticket ID"
"Requestor";"Requestor"
"Creation Date";"Creation Date"
"LinkedIn Client ID";"LinkedIn Client ID"
"LinkedIn Client Secret";"LinkedIn Client Secret"
"Enable";"Enable"
"LinkedIn Integration";"LinkedIn Integration"
"Google Integration";"Google Integration"
"Google Client ID";"Google Client ID"
"Google Client Secret";"Google Client Secret"
"Here, you can integrate SocialEngine to Google for allowing users to login into your website using their Google accounts. To do so, create an Application through the ";"Here, you can integrate SocialEngine to Google for allowing users to login into your website using their Google accounts. To do so, create an Application through the "
"<a href=""%1$s"" target=""_blank"">Google Cloud Console</a> page. Please use the following Callback URL: %2$s <br />";"<a href=""%1$s"" target=""_blank"">Google Cloud Console</a> page. Please use the following Callback URL: %2$s <br />"
"More Info: <a href=""%3$s"" target=""_blank"">KB Article</a>";"More Info: <a href=""%3$s"" target=""_blank"">KB Article</a>"
"Here, you can integrate SocialEngine to LinkedIn for allowing users to login into your website using their LinkedIn accounts. To do so, create an Application through the ";"Here, you can integrate SocialEngine to LinkedIn for allowing users to login into your website using their LinkedIn accounts. To do so, create an Application through the "
"<a href=""%1$s"" target=""_blank"">LinkedIn Developers</a> page. Please use the following Callback URL: %2$s <br />";"<a href=""%1$s"" target=""_blank"">LinkedIn Developers</a> page. Please use the following Callback URL: %2$s <br />"
"More Info: <a href=""%3$s"" target=""_blank"">KB Article</a>";"More Info: <a href=""%3$s"" target=""_blank"">KB Article</a>"
"You have successfully removed account.";"You have successfully removed account."
"Are you sure that you want to remove this account?";"Are you sure that you want to remove this account?"
"Remove Account";"Remove Account"
"Remove account";"Remove account"
"This member will need to enter their email address and password the next time they log in.";"This member will need to enter their email address and password the next time they log in."
"Recent logins";"Recent logins"
"Enter your password";"Enter your password"
"Please enter password.";"Please enter password."
"Your password is not correct.";"Your password is not correct."
"Forgotten password?";"Forgotten password?"
"Telegram Integration";"Telegram Integration"
"Telegram Username";"Telegram Username"
"Telegram Token";"Telegram Token"
"Enable Login";"Enable Login"
"Do you want to enable login on your website through this provider?";"Do you want to enable login on your website through this provider?"
"Here, you can integrate SocialEngine to Telegram for allowing users to login into your website using their Telegram accounts. To do so, create an Application through the ";"Here, you can integrate SocialEngine to Telegram for allowing users to login into your website using their Telegram accounts. To do so, create an Application through the "
"<a href=""%1$s"" target=""_blank""> Telegram Developers</a> page.<br />";"<a href=""%1$s"" target=""_blank""> Telegram Developers</a> page.<br />"
"NOTE: The settings for button\'s styling and theming in widgets of this plugin are not supported for ""Login with Telegram"" option as the data being fetched and displayed from the same is in iframe.";"NOTE: The settings for button\'s styling and theming in widgets of this plugin are not supported for ""Login with Telegram"" option as the data being fetched and displayed from the same is in iframe."


"PAGETITLE-USER-INDEX-ADMIN-PHONE-MESSAGES";"Manage & Send Messages"
"PAGETITLE-USER-INDEX-ADMIN-AVATARS";"Manage Avatar Images"
"PAGETITLE-USER-INDEX-ADMIN-OTP";"OTP Settings"
"PAGETITLE-USER-SERVICE-INTEGRATION-ADMIN-OTP";"3rd Party Services Integration"
"PAGETITLE-USER-AMAZON-ADMIN-OTP";"3rd Party Services Integration"
"PAGETITLE-USER-MESSAGE91-ADMIN-OTP";"3rd Party Services Integration"
"PAGETITLE-USER-TWILIO-ADMIN-OTP";"3rd Party Services Integration"
"PAGETITLE-USER-SMS-TEMPLATE-SETTINGS-ADMIN-OTP";"SMS Template Settings"
"PAGETITLE-USER-MANAGE-COUNTRIES-ADMIN-OTP";"Manage Countries"
"Manage Avatar Images";"Manage Avatar Images"
"Avatar Image Deleted Successfully.";"Avatar Image Deleted Successfully."
"Upload Avatar Image";"Upload Avatar Image"
"Upload Zipped Folder";"Upload Zipped Folder"
"Upload New Avatar Image";"Upload New Avatar Image"
"Avatar Image";"Avatar Image"
"Choose the Avatar image you want to upload on your website.";"Choose the Avatar image you want to upload on your website."
"Upload";"Upload"
"Avatar Image Uploaded Successfully.";"Avatar Image Uploaded Successfully."
"Upload Zipped Folder for Avatar Images";"Upload Zipped Folder for Avatar Images"
"Zipped Folder";"Zipped Folder"
"Choose the zipped folder of the Avatar images which you want to upload on your website. [Note: folder with extension: "".zip"" only.]";"Choose the zipped folder of the Avatar images which you want to upload on your website. [Note: folder with extension: "".zip"" only.]"
"Zipped Avatar Images Uploaded Successfully.";"Zipped Avatar Images Uploaded Successfully."
"This page lists all the Avatar Images uploaded by you. From below you can upload Avatar Images from your computer or hard drive. <br />";"This page lists all the Avatar Images uploaded by you. From below you can upload Avatar Images from your computer or hard drive. <br />"
"Are you sure you want to delete the selected avatar images?";"Are you sure you want to delete the selected avatar images?"
"Delete This Avatar Image";"Delete This Avatar Image"
"Are you sure that you want to delete this avatar image? It will not be recoverable after being deleted.";"Are you sure that you want to delete this avatar image? It will not be recoverable after being deleted."
"PAGETITLE-USER-SOCIALSHARE-ADMIN-SETTINGS";"Social Share Settings"
"Social Share Settings";"Social Share Settings"
"Enable Outside Sharing";"Enable Outside Sharing"
"Do you want to enable your users to share various content, activity feeds from your website to other social networking sites? If Yes, then users will see the options to share content, activity feeds to other social networking sites.";"Do you want to enable your users to share various content, activity feeds from your website to other social networking sites? If Yes, then users will see the options to share content, activity feeds to other social networking sites."
"Choose Social Networking Services";"Choose Social Networking Services"
"Choose from below the social networking services that you want to enable for outside sharing on your website.";"Choose from below the social networking services that you want to enable for outside sharing on your website."
"Facebook";"Facebook"
"X";"X"
"Pinterest";"Pinterest"
"Linkedin";"Linkedin"
"Tumblr";"Tumblr"
"Digg";"Digg"
"Stumbleupon";"Stumbleupon"
"Myspace";"Myspace"
"Rediff";"Rediff"
"Flipboard";"Flipboard"
"Skype";"Skype"
"VK";"VK"
"WhatsApp";"WhatsApp"

# notify_user_follow
"_EMAIL_NOTIFY_USER_FOLLOW_TITLE";"User has started following me"
"_EMAIL_NOTIFY_USER_FOLLOW_DESCRIPTION";"This is the email that gets sent to a user when another user starts following them."
"_EMAIL_NOTIFY_USER_FOLLOW_SUBJECT";"[sender_title] has started following you."
"_EMAIL_NOTIFY_USER_FOLLOW_BODY";"[header]

[sender_title] has started following you. Please click the following link to view the user:

http://[host][object_link]

[footer]"


# notify_user_follow_requestaccept
"_EMAIL_NOTIFY_USER_FOLLOW_REQUESTACCEPT_TITLE";"Follow Request Accepted"
"_EMAIL_NOTIFY_USER_FOLLOW_REQUESTACCEPT_DESCRIPTION";"This is the email that gets sent to a member when their follow request have been accepted."
"_EMAIL_NOTIFY_USER_FOLLOW_REQUESTACCEPT_SUBJECT";"[sender_title] has accepted your follow request."
"_EMAIL_NOTIFY_USER_FOLLOW_REQUESTACCEPT_BODY";"[header]

[sender_title] has accepted your follow request. Please click the following link to check it:

http://[host][sender_link]

[footer]"

# notify_user_follow_request
"_EMAIL_NOTIFY_USER_FOLLOW_REQUEST_TITLE";"Follow Request Received"
"_EMAIL_NOTIFY_USER_FOLLOW_REQUEST_DESCRIPTION";"This is the email that gets sent to a user when they receive a follow request from another user."
"_EMAIL_NOTIFY_USER_FOLLOW_REQUEST_SUBJECT";"[sender_title] has requested to follow you."
"_EMAIL_NOTIFY_USER_FOLLOW_REQUEST_BODY";"[header]

[sender_title] has requested to follow you. Please click the following link to check and confirm the request:

http://[host][sender_link]

[footer]"

"ACTIVITY_TYPE_USER_FOLLOW_REQUESTACCEPT";"When user accepts my follow request"
"ACTIVITY_TYPE_USER_FOLLOW_REQUEST";"When user sends me a follow request"
"ACTIVITY_TYPE_USER_FOLLOW";"When user follows me"
"ACTIVITY_TYPE_USER_FOLLOW_CREATE";"When my followed users post something"
"PAGETITLE-USER-FOLLOW-ADMIN-SETTINGS";"Follow Settings"
"Enable User Follow";"Enable User Follow"
"Follow Settings";"Follow Settings"
"Do you want to enable user follow functionality on your website?";"Do you want to enable user follow functionality on your website?"
"Allow user to choose follow verification";"Allow user to choose follow verification"
"Do you want to allow site users to choose follow verification on your website? If you choose Yes then users can select how they want to be followed themseleve, directly or with a follow request. Users can manage this setting on their privacy settings page.";"Do you want to allow site users to choose follow verification on your website? If you choose Yes then users can select how they want to be followed themseleve, directly or with a follow request. Users can manage this setting on their privacy settings page."
"Auto Follow / Approvals";"Auto Follow / Approvals"
"Do you want to enable auto follow / approvals functionality on your website? If you choose Yes then users can follow anyone directly without sending a follow request.";"Do you want to enable auto follow / approvals functionality on your website? If you choose Yes then users can follow anyone directly without sending a follow request."
"Enable Follow Verification";"Enable Follow Verification"
"Do you want to enable follow verification?";"Do you want to enable follow verification?"
"Yes, enable verification";"Yes, enable verification"
"No, enable auto follow";"No, enable auto follow"
"Your follow request has been sent successfully.";"Your follow request has been sent successfully."
"Your follow request has been cancelled.";"Your follow request has been cancelled."
"Follow request deleted successfully.";"Follow request deleted successfully."
"Follow request accepted successfully.";"Follow request accepted successfully."
"User unfollowed successfully.";"User unfollowed successfully."
"You are now following this user.";"You are now following this user."
"{item:$subject} has started following you.";"{item:$subject} has started following you."
"{item:$subject} has requested to follow you.";"{item:$subject} has requested to follow you."
"{item:$subject} has accepted your follow request.";"{item:$subject} has accepted your follow request."
"{item:$subject} created a {item:$object:$itemtype} you might like.";"{item:$subject} created a {item:$object:$itemtype} you might like."
"%s wants to follow you.";"%s wants to follow you."
"Confirm";"Confirm"
"Delete";"Delete"
"Requested";"Requested"
"Cancel Follow Request";"Cancel Follow Request"
"Follow";"Follow"
"Unfollow";"Unfollow"
"Use [code] to verify your registration. This code will get expired in [expirytime].";"Use [code] to verify your registration. This code will get expired in [expirytime]."
"Use [code] for verification and reset your password. This code will get expired in [expirytime].";"Use [code] for verification and reset your password. This code will get expired in [expirytime]."
"Use [code] for verification and editing your phone number. This code will get expired in [expirytime].";"Use [code] for verification and editing your phone number. This code will get expired in [expirytime]."
"Use [code] for verification and adding your phone number. This code will get expired in [expirytime].";"Use [code] for verification and adding your phone number. This code will get expired in [expirytime]."
"Use [code] for verification and login. This code will get expired in [expirytime].";"Use [code] for verification and login. This code will get expired in [expirytime]."
"Use [code] for delete your account. This code will get expired in [expirytime].";"Use [code] for delete your account. This code will get expired in [expirytime]."
"Manage Countries";"Manage Countries"
"This page lists all the countries you can enable disable on your website for country code. Also, you can choose the icons for the countries and make any country code default for your website.";"This page lists all the countries you can enable disable on your website for country code. Also, you can choose the icons for the countries and make any country code default for your website."
"Country Name";"Country Name"
"Phone Code";"Phone Code"
"Icon";"Icon"
"Enabled";"Enabled"
"With Selected:";"With Selected:"
"Disabled";"Disabled"
"Search";"Search"
"Edit Country";"Edit Country"
"Country Icon (This will show up in the country code dropdown with the country names.)";"Country Icon (This will show up in the country code dropdown with the country names."
"Do you want to make this country default for your site?";"Do you want to make this country default for your site?"
"Do you want enable this country?";"Do you want enable this country?"
"This is the default country, so before disabling it, please choose another default country for your site.";"This is the default country, so before disabling it, please choose another default country for your site."
"Choose an icon to show with this country. This icon will show in both user panel and admin panel of your site. [Note: You can add a new icon from the ""<a href=""%1$s"" target=""_blank"">File & Media Manager</a>"" section. If you leave the field blank then nothing will show.]";"Choose an icon to show with this country. This icon will show in both user panel and admin panel of your site. [Note: You can add a new icon from the ""<a href=""%1$s"" target=""_blank"">File & Media Manager</a>"" section. If you leave the field blank then nothing will show.]"
"You have successfully edited the country.";"You have successfully edited the country."
"Edit";"Edit"
"Status";"Status"
"3rd Party Services Integration";"3rd Party Services Integration"
"Here, you can configure the 3rd party services to enable OTP on the signup and login on your website. You can also enable or disable any service anytime. To enable and disable the service click on edit button and here you can enable and disable it.";"Here, you can configure the 3rd party services to enable OTP on the signup and login on your website. You can also enable or disable any service anytime. To enable and disable the service click on edit button and here you can enable and disable it."
"Amazon";"Amazon"
"Twilio";"Twilio"
"MSG91";"MSG91"
"Option";"Option"
"Title";"Title"
"Integration with Amazon";"Integration with Amazon"
"Fill up the form below to integrate amazon services to enable OTP on your site.";"Fill up the form below to integrate amazon services to enable OTP on your site."
"Client Id";"Client Id"
"Enter the Client ID below.";"Enter the Client ID below."
"Client Secret";"Client Secret"
"Enter the Client Secret below.";"Enter the Client Secret below."
"Region";"Region"
"Enable";"Enable"
"Do you want to enable Amazon Services?";"Do you want to enable Amazon Services?"
"Integration with Twilio";"Integration with Twilio"
"Fill up the form below to integrate twilio services to enable OTP on your site.";"Fill up the form below to integrate twilio services to enable OTP on your site."
"Account SID";"Account SID"
"Enter the Account SID below.";"Enter the Account SID below."
"Auth Token";"Auth Token"
"Enter the Auth Token below.";"Enter the Auth Token below."
"Phone Number";"Phone Number"
"Enter the phone number that you have purchased from Twilio. [Note: The number should start with country code & should not have any space or any other special character anywhere in the number. For Example: +3456XXXXXXX.]";"Enter the phone number that you have purchased from Twilio. [Note: The number should start with country code & should not have any space or any other special character anywhere in the number. For Example: +3456XXXXXXX.]"
"Do you want to enable Twilio Services?";"Do you want to enable Twilio Services?"
"Integration with MSG91";"Integration with MSG91"
"Fill up the form below to integrate MSG91 services to enable OTP on your site.";"Fill up the form below to integrate MSG91 services to enable OTP on your site."
"Back to 3rd Party Services Integration";"Back to 3rd Party Services Integration"
"Authorization Key";"Authorization Key"
"Enter the Authorization Key below.";"Enter the Authorization Key below."
"Template ID";"Template ID"
"Enter the Template ID below.";"Enter the Template ID below."
"Sender Id";"Sender Id"
"Enter the Sender ID below.";"Enter the Sender ID below."
"Do you want to enable MSG91 Services?";"Do you want to enable MSG91 Services?"
"There are no country available matching your search criteria.";"There are no country available matching your search criteria."
"OTP Settings";"OTP Settings"
"These settings affect all members in your community.";"These settings affect all members in your community."
"Display Phone Number During Signup / Login / Forgot Password";"Display Phone Number During Signup / Login / Forgot Password"
"Do you want to display the phone number field on your website? If you choose Yes, then users on your website will see phone number field on your site.";"Do you want to display the phone number field on your website? If you choose Yes, then users on your website will see phone number field on your site."
"Login Security Check";"Login Security Check"
"Select the check that you want to secure login on your website.";"Select the check that you want to secure login on your website."
"Default (Only Password)";"Default (Only Password)"
"Either with OTP or Password";"Either with OTP or Password"
"Two Factor Login Verification (Both OTP & Password)";"Two Factor Login Verification (Both OTP & Password)"
"Manage & Send Messages";"Manage & Send Messages"
"Below, you will find all the messages which you have sent to your users from this website in relation to OTP. You can use this page to monitor these messages and modify them, if required. Entering criteria into the filter fields will help you find particular message(s). Leaving the filter fields blank will show all the messages on your social network.";"Below, you will find all the messages which you have sent to your users from this website in relation to OTP. You can use this page to monitor these messages and modify them, if required. Entering criteria into the filter fields will help you find particular message(s). Leaving the filter fields blank will show all the messages on your social network."
"Send Message (SMS)";"Send Message (SMS)"
"There are no messages.";"There are no messages."
"User Name";"User Name"
"Message";"Message"
"Time Duration";"Time Duration"
"Dependent On";"Dependent On"
"Today";"Today"
"Last 7 Days";"Last 7 Days"
"Specific Time";"Specific Time"
"From";"From"
"To";"To"
"Member Levels";"Member levels"
"Profile Types";"Profile Types"
"Sent To";"Sent To"
"Based On";"Based On"
"Profile Type";"Profile Type"
"Member Level";"Member Level"
"Creation Date";"Creation Date"
"Here, you can send messages to the members of your website who have signed up via phone numbers. The message will be sent as SMS on their phones.";"Here, you can send messages to the members of your website who have signed up via phone numbers. The message will be sent as SMS on their phones."
"Send To";"Send To"
"All Members";"All Members"
"Specific Member";"Specific Member"
"Member Name";"Member Name"
"Start typing the name of the member and choose the member from the auto-suggest list in below field.";"Start typing the name of the member and choose the member from the auto-suggest list in below field."
"Message sent successfully.";"Message sent successfully."
"You have %s members whose data has not been imported yet.";"You have %s members whose data has not been imported yet."
"Import User Data";"Import User Data"
"Are you sure you want to import first names, last names, gender, and birthdates of members on your site? Please do not close this popup.";"Are you sure you want to import first names, last names, gender, and birthdates of members on your site? Please do not close this popup."
"Import";"Import"
"Manage Avatar Images";"Manage Avatar Images"
"Upload Avatar Image";"Upload Avatar Image"
"Upload New Avatar Image";"Upload New Avatar Image"
"Avatar Image";"Avatar Image"
"Choose the Avatar image you want to upload on your website.";"Choose the Avatar image you want to upload on your website."
"Upload";"Upload"
"Cancel";"Cancel"
"Avatar Image Uploaded Successfully.";"Avatar Image Uploaded Successfully."
"Are you sure you want to delete the selected avatar images?";"Are you sure you want to delete the selected avatar images?"
"Delete Selected";"Delete Selected"
"Delete This Avatar Image";"Delete This Avatar Image"
"Are you sure that you want to delete this avatar image? It will not be recoverable after being deleted.";"Are you sure that you want to delete this avatar image? It will not be recoverable after being deleted."
"Delete";"Delete"
"Avatar Image Deleted Successfully.";"Avatar Image Deleted Successfully."
"There are no avatar images added by you.";"There are no avatar images added by you."
"%s avatar image found.";"%s avatar image found.";"%s avatar images found."
"This page lists all the Avatar Images uploaded by you. From below you can upload Avatar Images from your computer or hard drive. <br />";"This page lists all the Avatar Images uploaded by you. From below you can upload Avatar Images from your computer or hard drive. <br />"
"Add Avatar";"Add Avatar"
"Edit Avatar";"Edit Avatar"
"Save";"Save"
"Your avatar is successfully added.";"Your avatar is successfully added."
"Choose Avatar";"Choose Avatar"
"Send Code";"Send Code"
"Back to Login";"Back to Login"
"Phone Number or email address";"Phone Number or email address"
"If you cannot login because you have forgotten your password, please enter the details below to reset your password.";"If you cannot login because you have forgotten your password, please enter the details below to reset your password."
"Email address or phone number";"Email address or phone number"
"Please enter a valid phone number or email address.";"Please enter a valid phone number or email address."
"A user account with this email address is not found.";"A user account with this email address is not found."
"A user account with this phone number is not found.";"A user account with this phone number is not found."
"Enter your password.";"Enter your password."
"The passwords you entered did not match.";"The passwords you entered did not match."
"Enable two step verification on login. Note: (This setting only works with Phone Number.)";"Enable two step verification on login. Note: (This setting only works with Phone Number.)"
"Phone Number";"Phone Number"
"One Time Password (OTP)";"One Time Password (OTP)"
"A one time password (OTP) has been sent to your phone number. Please check and enter it in the field below to verify your phone number.";"A one time password (OTP) has been sent to your phone number. Please check and enter it in the field below to verify your phone number."
"Enter OTP";"Enter OTP"
"Weak";"Weak"
"Strong";"Strong"
"Send Message";"Send Message"
"Here, you can send message to this member which has signed up via phone number on your website. The message will be sent as SMS on the mobile phone.";"Here, you can send message to this member which has signed up via phone number on your website. The message will be sent as SMS on the mobile phone."
"Email address or username";"Email address or username"
"Email address, username, or phone number";"Email address, username, or phone number"
"The credentials you have supplied are invalid. Please check your email or phone number and password, and try again.";"The credentials you have supplied are invalid. Please check your email or phone number and password, and try again."
"Signup & Profile Settings";"Signup & Profile Settings"
"Enable Username?";"Enable Username?"
"Enable Confirm Password?";"Enable Confirm Password?"
"If you have selected Yes, members will be given the option to enter a confirm password field during signup process. If you have selected No, this field will not show.";"If you have selected Yes, members will be given the option to enter a confirm password field during signup process. If you have selected No, this field will not show."
"Enable Birthday?";"Enable Birthday?"
"If you have selected Yes, members will be given the option of choosing their birthday during signup process. If you have selected No, this field will not show.";"If you have selected Yes, members will be given the option of choosing their birthday during signup process. If you have selected No, this field will not show."
"Enable Gender?";"Enable Gender?"
"If you have selected Yes, members will be given the option of choosing their gender during signup process. If you have selected No, this field will not show.";"If you have selected Yes, members will be given the option of choosing their gender during signup process. If you have selected No, this field will not show."
"Enable Profile Type?";"Enable Profile Type?"
"If you have selected Yes, members will be given the option of choosing a profile type during signup process. If you have selected No, this field will not show.";"If you have selected Yes, members will be given the option of choosing a profile type during signup process. If you have selected No, this field will not show."
"Enable Timezone?";"Enable Timezone?"
"If you have selected Yes, members will be given the option of choosing their timezone during signup process. If you have selected No, this field will not show.";"If you have selected Yes, members will be given the option of choosing their timezone during signup process. If you have selected No, this field will not show."
"Enable Language?";"Enable Language?"
"If you have selected Yes, members will be given the option of choosing their language during signup process. If you have selected No, this field will not show.";"If you have selected Yes, members will be given the option of choosing their language during signup process. If you have selected No, this field will not show."
"Receive New Signup Alerts";"Receive New Signup Alerts"
"Enter the email in the box below on which you want to receive emails whenever a new signup is created on your website.";"Enter the email in the box below on which you want to receive emails whenever a new signup is created on your website."
"Please make sure the ""password"" and ""password again"" fields match.";"Please make sure the ""password"" and ""password again"" fields match."
"Please enter first name.";"Please enter first name."
"Please enter last name.";"Please enter last name."
"Please verify your email address.";"Please verify your email address."
"Please enter a valid phone number.";"Please enter a valid phone number."
"Please verify your phone number.";"Please verify your phone number."
"The security code you have entered is not correct. Please check your code and try again.";"The security code you have entered is not correct. Please check your code and try again."
"Expires in ";"Expires in "
"Token Expired";"Token Expired"
"Resend OTP";"Resend OTP"
"Enter Code";"Enter Code"
"Code Expired";"Code Expired"
"Please enter the security code.";"Please enter the security code."
"Back to Home";"Back to Home"
"Send OTP";"Send OTP"
"No record of a member with this phone number is found.";"No record of a member with this phone number is found."
"No record of a member with this email address is found.";"No record of a member with this email address is found."
"Back to log in form";"Back to log in form"
"OTP";"OTP"
"Enter OTP";"Enter OTP"
"You have reached limit of attempts via OTP. Please wait for %s and try again.";"You have reached limit of attempts via OTP. Please wait for %s and try again."
"Validate OTP (One Time Password)";"Validate OTP (One Time Password)"
"The OTP you entered is invalid. Please enter the correct OTP.";"The OTP you entered is invalid. Please enter the correct OTP."
"Someone has already registered this phone number, please use another one.";"Someone has already registered this phone number, please use another one."

"%s FOLLOWER";"%s follower"
"%s FOLLOWERS";"%s followers"
"%S MUTUAL FRIENDS";"%s mutual friends"
"%S MUTUAL FRIEND";"%s mutual friend"
"Users Activity";"Users Activity"
"Users Online";"Users Online"
"Active Users";"Active Users"
"Last Hour";"Last Hour"
"Active";"Active"
"Following";"Following"

"Allow status messages?";"Allow status messages?"
"USER_FORM_ADMIN_SETTINGS_LEVEL_STATUS_DESCRIPTION";"If set to ""yes"", members can post their ""status"" on their profile. By updating their status, members can tell others what they are up to, what's on their minds, etc."


"Test User for Login via OTP";"Test User for Login via OTP"
"Select user from below auto suggest box which you want to make test user to login via OTP on your site. Note: Only those users will show here who have entered phone numbers in their account.";"Select user from below auto suggest box which you want to make test user to login via OTP on your site. Note: Only those users will show here who have entered phone numbers in their account."
"Test OTP Code";"Test OTP Code"
"Enter the 6 digit OTP which will be used by the test user to login via OTP on your site.";"Enter the 6 digit OTP which will be used by the test user to login via OTP on your site."

"pagetitle-payment-wallet-settings";"Wallet"
"{item:$subject} has added a new cover photo.";"{item:$subject} has added a new cover photo."
"{item:$subject} has added a new profile photo: {body:$body}";"{item:$subject} has added a new profile photo: {body:$body}"
"Set a Status";"Set a Status"
"Do Not Sell My Info";"Do Not Sell My Info"